EMAIL,firstname,lastname
Ernesto94@hotmail.com,Cyrus,O'Connell
Maxwell11@gmail.com,Audrey,Strosin
Abel.Wunsch@hotmail.com,Oswald,Bednar
Bethel_Bauch@gmail.com,Durward,Schulist
Pearl_Dietrich@gmail.com,Frederique,Renner
Braden_Satterfield25@yahoo.com,Retta,Jenkins
Santa_Cronin@hotmail.com,Dasia,Ziemann
Margarete_Carroll23@hotmail.com,Lennie,Bayer
Madisyn.Braun29@yahoo.com,Vilma,Boehm
Mikel54@hotmail.com,Alyson,Buckridge
Nathen.Feest@hotmail.com,Pierre,Schultz
Alisa34@gmail.com,Don,Ebert
Fleta.Prohaska@hotmail.com,Oceane,Emmerich
Lilian_Reichert@hotmail.com,Maggie,Halvorson
Rudy_Hickle@gmail.com,Nedra,Torphy
Edyth_Auer@hotmail.com,Kariane,Carroll
Verdie_Schneider2@gmail.com,Monroe,Ortiz
Coleman.Emard54@gmail.com,Audreanne,Breitenberg
Francesca.Ledner@yahoo.com,Ana,Veum
Krystel_Langosh@gmail.com,Lauren,Corwin
Lexus22@yahoo.com,Weston,Block
Vince.Waters10@gmail.com,Kaylee,Wyman
Cheyenne_Cartwright@yahoo.com,Cathrine,Huels
Darrell.Shields99@gmail.com,Melba,Murray
Roy62@yahoo.com,Margaretta,Schuster
Camryn.Wilkinson31@yahoo.com,Trent,Huel
Candido94@hotmail.com,Yvette,Hyatt
Janis.Hermann85@gmail.com,Peyton,Feest
Nils_Lebsack26@gmail.com,Dax,Jast
Buddy.Sporer49@hotmail.com,Godfrey,Lakin
Natalie_Zemlak77@hotmail.com,Liam,Beier
Valentin22@yahoo.com,Lewis,Bartell
Johnnie_Keeling77@hotmail.com,Theo,Thiel
Meda_McClure@yahoo.com,Cassandra,Pollich
Doris.Harvey@gmail.com,Hanna,Weber
Clementine_Mayer27@yahoo.com,Harvey,Crist
Destiny47@hotmail.com,Edwin,Grimes
Elian_Price@gmail.com,Manuel,Wintheiser
Terrance_Auer40@yahoo.com,Rylee,Murphy
Seamus_Ziemann55@gmail.com,Ernestina,Mitchell
Cloyd74@yahoo.com,Naomie,Armstrong
Celine.Leffler85@gmail.com,Nina,Bode
Kameron.Beatty73@yahoo.com,Roberta,Hane
Percival.Frami16@gmail.com,Trinity,Koss
Amelia.Heaney@gmail.com,Concepcion,Bergnaum
Dejah_Bogan@hotmail.com,Adelle,Rohan
Candida.Pagac@yahoo.com,Loma,Kovacek
Samson51@gmail.com,Guido,Mills
Marcellus35@yahoo.com,Conor,Turcotte
Braeden.Zboncak@yahoo.com,Velma,Ledner
Melba_Keeling@yahoo.com,Fabiola,Bergstrom
Julien.Frami@hotmail.com,Hans,Kuvalis
Reid80@yahoo.com,Jailyn,Little
Jarrett46@hotmail.com,Erling,Bogisich
Laurine39@hotmail.com,Morton,Wisozk
Trystan65@gmail.com,Brandyn,Stanton
Nayeli61@yahoo.com,Lorenza,Roob
Mikayla79@hotmail.com,Jerrell,Balistreri
Mireya_Hegmann33@yahoo.com,Garrison,Tremblay
Makayla_OKon@hotmail.com,Bridie,Schneider
Newton_Spencer@yahoo.com,Fabiola,Raynor
Amie_Goyette38@gmail.com,Ressie,O'Hara
Leta96@gmail.com,Rhiannon,Veum
Cody.Douglas@hotmail.com,Timmothy,O'Hara
Marcos_Kuhic1@yahoo.com,Leanne,Kuhic
Abbie3@gmail.com,Bonita,Murphy
Clifton91@gmail.com,Conner,Collins
Hannah_Buckridge@hotmail.com,Darrion,Hahn
Hans.Wiza@yahoo.com,Selena,Langosh
Fay_McLaughlin93@hotmail.com,Orie,Bernier
Leila40@gmail.com,Domenick,Cummings
Darrin.Prohaska@hotmail.com,Precious,Kovacek
Kane.Keeling5@yahoo.com,Jeramie,Koelpin
Hassie.Fritsch@yahoo.com,Keshawn,Bernhard
Kameron_Bruen7@hotmail.com,Rasheed,Ullrich
Helene.Graham@yahoo.com,Kailey,McClure
Abe95@gmail.com,Kennith,Gislason
Jeramy67@gmail.com,Jewel,Murray
Martina_Ratke@gmail.com,Opal,Fritsch
Genoveva27@hotmail.com,Casey,Botsford
Mertie.Yundt73@hotmail.com,Jovan,Kub
Kaylie_Parker@gmail.com,Shayna,Bartell
Pearl82@gmail.com,General,Zboncak
Jaren20@gmail.com,Santa,Hand
Arden37@yahoo.com,Conor,Bosco
Brown5@yahoo.com,Winston,Green
Cordia.Gutkowski17@gmail.com,Ova,Lesch
Kristopher30@gmail.com,Edmund,Pollich
Millie.Kris@hotmail.com,Louie,Walker
Kayden32@hotmail.com,Amber,Cartwright
Mario99@yahoo.com,Calista,Schinner
Bo29@gmail.com,Elisa,Jacobs
Aidan.Schroeder12@hotmail.com,Elias,Zboncak
Katharina_Rau@gmail.com,Lorena,Thompson
Pattie_Runolfsson71@hotmail.com,Fred,Upton
Rosalinda18@yahoo.com,Micaela,Kunde
Wilma56@gmail.com,Barton,Prohaska
Ana_Moore@gmail.com,Adam,Lubowitz
Christine.Leannon96@gmail.com,Dax,Shields
Oran_Walsh@hotmail.com,Haskell,Fay
Lisandro_Rempel@hotmail.com,Jairo,Koss
Ryann_Ernser@yahoo.com,Kristopher,Corwin
Claudie58@yahoo.com,Amely,Will
Damion56@hotmail.com,Armand,Satterfield
Richmond_Schuster17@hotmail.com,Ciara,Douglas
Antonina_Gislason8@gmail.com,Dannie,Terry
Adolfo88@gmail.com,Tito,Huels
Otilia_Hilpert41@gmail.com,Dorothy,Gutkowski
Ted_Dickinson49@gmail.com,Darrin,Rohan
Zelda47@yahoo.com,Lula,Rolfson
Milton91@gmail.com,Minerva,Bruen
Ervin.Johns67@hotmail.com,Julius,Quitzon
Monique49@gmail.com,Ophelia,Marks
Brenden61@hotmail.com,Abigayle,Little
Karianne_Gottlieb@hotmail.com,Stephanie,Hirthe
Leonie.Kirlin@hotmail.com,Green,Waelchi
Berniece.Abshire@hotmail.com,Godfrey,Kohler
Jolie_Hickle29@yahoo.com,Eddie,Halvorson
Frankie_Kuphal@gmail.com,Maximilian,Kemmer
Zakary70@gmail.com,Kacey,Klocko
Morton2@hotmail.com,Tiana,Goodwin
Joel21@hotmail.com,Elnora,Beatty
Malinda82@yahoo.com,Thurman,Cartwright
Dudley.OConnell@gmail.com,Jacky,Bruen
Fausto29@hotmail.com,Moises,Kirlin
Joesph.Nolan@yahoo.com,Earnest,White
Eda93@gmail.com,Pamela,Mueller
Hyman.Gleason40@gmail.com,Warren,Cummerata
Ethyl_Lemke@gmail.com,Cary,Franecki
Arno_Erdman@hotmail.com,Raul,Kautzer
Lizzie48@hotmail.com,Lavern,Greenfelder
Daron_Feeney@yahoo.com,Destiney,Runolfsdottir
Katherine_Wintheiser@yahoo.com,Alene,Jerde
Lenore66@yahoo.com,Raina,Parisian
Moises_Langosh37@gmail.com,Dillan,Hoppe
Adrian.Block35@gmail.com,Bernhard,Cummerata
Kelley.Rodriguez@gmail.com,Sunny,Bradtke
Giovanni.King57@yahoo.com,Wilma,Rolfson
Vivianne_Steuber68@yahoo.com,Vance,Marquardt
Polly_Wolff95@gmail.com,Melisa,Spencer
Cullen_Wolff@gmail.com,Kimberly,Schaden
Stella.Becker72@gmail.com,Santiago,Padberg
Rachel.Berge98@gmail.com,Linda,Kuhic
Amani.Effertz@gmail.com,Arlo,Labadie
Jerry_Schoen@gmail.com,Mireille,Breitenberg
Veda_Harris30@yahoo.com,Madaline,Hagenes
Hermina_Windler64@hotmail.com,Noemie,O'Hara
Stuart_Stanton@yahoo.com,Mazie,Windler
Rusty53@hotmail.com,Richmond,Brekke
Vicente_OConnell@hotmail.com,Cassandre,Lueilwitz
Amanda_Moen@hotmail.com,Blaise,Dibbert
Kim_Rempel@hotmail.com,Mervin,Schiller
Joey.Cremin@gmail.com,Wallace,Mayert
Major_Crist@yahoo.com,Ryley,Hartmann
Reggie.Jones2@gmail.com,Myah,Walsh
Justen44@yahoo.com,Ines,Koelpin
Kirstin.Bailey7@hotmail.com,Sam,Kirlin
Garnett_Hyatt47@gmail.com,Ronaldo,Kunde
Dora_Gleichner@gmail.com,Katarina,Swift
Deshaun_Marks46@gmail.com,Sarai,Little
Lowell.Quitzon25@yahoo.com,Hailie,Kutch
Janelle_Prohaska37@hotmail.com,Aimee,Lakin
Citlalli.Walker@yahoo.com,Matilde,Prosacco
Maximo60@hotmail.com,Robin,Fritsch
Geoffrey.Reilly85@yahoo.com,Russel,Schinner
Tracy_Glover78@gmail.com,Gwendolyn,West
Jamar20@gmail.com,Frederic,Kozey
Al78@gmail.com,Aniyah,Bruen
Norberto.Murray@hotmail.com,Fae,Ratke
Makayla.Muller@hotmail.com,Tyreek,Lynch
Watson75@yahoo.com,Guillermo,Jast
Rollin_Dibbert36@gmail.com,Ariane,Durgan
Claudie.Corwin@gmail.com,Vida,Davis
Sheldon67@yahoo.com,Gaylord,Grady
Katelynn.Gaylord@gmail.com,Edgar,Nolan
Hilda_Hettinger@hotmail.com,Nathan,Bashirian
Katrina30@gmail.com,Sharon,McKenzie
Brenda57@gmail.com,Maymie,Blanda
Ashleigh65@yahoo.com,Claude,Ledner
Neva_Veum34@hotmail.com,Jasen,Douglas
Shakira_Grady@yahoo.com,Zechariah,Emmerich
Osbaldo.Armstrong@gmail.com,Benjamin,Kuhn
Miller.Jaskolski@gmail.com,Maya,Moore
Jared50@yahoo.com,Earlene,Bashirian
Heather87@gmail.com,Donald,Kuhn
Princess85@yahoo.com,Emery,Carter
Janice.Dooley@yahoo.com,Benjamin,Lind
Orville.Lowe@hotmail.com,Jackie,Ondricka
Favian.Kerluke@gmail.com,Edmund,Lakin
Colten_Abbott32@hotmail.com,Nathanael,Osinski
Garnet_Lebsack@yahoo.com,Jaiden,Windler
Austin_Pfannerstill@yahoo.com,Antonette,Welch
Catalina.Casper@hotmail.com,Kelsi,Purdy
Jevon0@gmail.com,William,Ebert
Alvera_Runolfsdottir86@yahoo.com,Herman,Runolfsson
Noel.Dickinson@hotmail.com,Kaitlyn,Wunsch
Cordie.Wilkinson60@gmail.com,Roderick,Schulist
Britney_Leannon@yahoo.com,Tristin,Kautzer
Sandy.Larkin@yahoo.com,Liliane,Vandervort
Tod66@yahoo.com,Jaquelin,Kub
Vaughn.Nader78@yahoo.com,Elfrieda,Nader
Kailyn43@gmail.com,Kenya,Stracke
Jamey_Blick80@gmail.com,Susanna,Bartoletti
Krystel23@hotmail.com,Hubert,Tremblay
Carson.Steuber@yahoo.com,Ismael,Franecki
Trycia_Terry@gmail.com,Antone,Bednar
Roderick_Altenwerth@hotmail.com,Elsie,Lakin
Lenna67@gmail.com,Virgie,Ledner
Owen.Turcotte33@yahoo.com,Louisa,Lowe
Hope49@yahoo.com,Deshawn,O'Conner
Mathias_Harber26@yahoo.com,Adella,Berge
Paxton_Lowe82@hotmail.com,Theo,Tillman
Maryse72@hotmail.com,Aubrey,Hintz
Devon40@gmail.com,Esta,Waters
Aiden.Kerluke@yahoo.com,Lyla,White
Elena_Brekke89@yahoo.com,Dante,Crooks
Belle56@yahoo.com,Maryse,Monahan
Donnie65@hotmail.com,Ruth,Yundt
Mitchell23@gmail.com,Zora,Nikolaus
Pink.Harber92@hotmail.com,Rubye,Reynolds
Arielle65@yahoo.com,Lenna,Veum
Haleigh99@yahoo.com,Kieran,Bernier
Lillian16@yahoo.com,Kayleigh,Rosenbaum
Johathan.Towne6@hotmail.com,Mina,Kassulke
Macy78@gmail.com,Tyshawn,Barrows
Hattie43@yahoo.com,Linnea,Bradtke
Alicia_Reichel@hotmail.com,Eugene,Torphy
Annabelle.Balistreri26@gmail.com,Raleigh,Towne
Deonte.King82@yahoo.com,Citlalli,Mayer
Molly.Maggio@yahoo.com,Nelle,Batz
Liam19@gmail.com,Nella,Gutkowski
Rico.Fay36@gmail.com,Abbigail,Roob
Marielle.McDermott@gmail.com,Cloyd,Green
Maia86@gmail.com,Lorna,Labadie
Rodrigo.Balistreri@yahoo.com,Imogene,Skiles
Reva82@gmail.com,Jerrell,Schiller
Minnie28@gmail.com,Timmy,Gleichner
Mark_Roberts31@gmail.com,Grace,Price
Dario67@hotmail.com,Claud,Vandervort
Jenifer10@hotmail.com,Jermain,Bogisich
Sigurd_Price@gmail.com,Travis,McKenzie
Hermann25@gmail.com,Kennith,Thiel
Arnaldo.Gutkowski72@yahoo.com,Chauncey,Kuhn
Megane.Stokes3@gmail.com,Roberta,Kozey
Dulce.Bode@gmail.com,Kathryn,Metz
Antoinette_Schaden94@hotmail.com,Jammie,Zemlak
Tabitha_Hahn72@yahoo.com,Bertram,Weber
Jerrold_Conn32@yahoo.com,Ophelia,Prohaska
Edison_Durgan62@gmail.com,Vita,Gleichner
Mariana.Herman@yahoo.com,Alfreda,Hickle
Lane97@hotmail.com,Greyson,Lebsack
Mina.Barrows60@gmail.com,Kelly,Bauch
Demetris37@hotmail.com,Blaise,Ernser
Marlin52@hotmail.com,Percy,Turner
Lavern.Rempel@yahoo.com,Gina,Stoltenberg
Antoinette73@gmail.com,Madge,Schamberger
Autumn_OConnell96@gmail.com,Monica,Hilpert
Gay_Mayer@gmail.com,Heath,Bechtelar
Baron5@hotmail.com,Jaeden,Mohr
Angelica.Corkery64@yahoo.com,Destin,Hahn
Jeffery_Beahan64@hotmail.com,Edgar,Sawayn
Deborah88@gmail.com,Jamal,Jaskolski
Lavonne44@hotmail.com,Nicola,Medhurst
Fern.Hyatt27@yahoo.com,Judy,Mueller
Emely98@hotmail.com,Travis,Harvey
Jennings54@gmail.com,Mattie,Macejkovic
Chyna46@gmail.com,Yessenia,Haag
Phoebe47@hotmail.com,Alanna,Swift
Johnathan.Crona54@yahoo.com,Eloise,Fritsch
Otto_Schroeder@yahoo.com,Danial,Cruickshank
Hubert.Dooley73@hotmail.com,Yadira,Rogahn
Nelda_Brown60@yahoo.com,Eldon,Donnelly
Bernardo.Mohr@yahoo.com,Annabelle,Kilback
Jake.Miller@yahoo.com,Allie,Anderson
Marlene.Dach@yahoo.com,Noemie,McDermott
Zack.Halvorson80@hotmail.com,Wade,Zemlak
Brandy.Corwin@hotmail.com,Flavie,Jaskolski
Evie73@gmail.com,Laron,Beatty
Wiley.Daugherty@gmail.com,Kendra,Hickle
Rachelle91@hotmail.com,Mario,Gorczany
Willow46@hotmail.com,Aliya,Torphy
Estelle.Wolff@gmail.com,Jessica,Pacocha
Allie25@hotmail.com,Shayne,Fay
Else.Tremblay@gmail.com,Hilario,Ferry
Karlee63@hotmail.com,Jordyn,Bergnaum
Arden_Bergstrom45@gmail.com,Arturo,Buckridge
Esteban.Haag@yahoo.com,Reymundo,Gerhold
Sibyl_Willms39@gmail.com,Brooks,Weimann
Andreane_Stiedemann@hotmail.com,Nelle,Sawayn
Leatha_Waelchi@hotmail.com,Christa,Bernhard
Maximillia_Steuber@gmail.com,Cleora,Feil
Karelle80@yahoo.com,Evie,Luettgen
Darwin71@yahoo.com,Broderick,Gutmann
Jonas.Denesik@hotmail.com,Laron,Stehr
Jeremy_Veum@gmail.com,Misty,Adams
Alana_Lueilwitz@gmail.com,Orland,Sauer
Walter.Schowalter41@yahoo.com,Geovany,Gorczany
Nina_Kerluke@hotmail.com,Regan,Gusikowski
Randi.Robel@hotmail.com,Llewellyn,Fay
Ebba.Becker1@gmail.com,Millie,O'Reilly
Timmy91@hotmail.com,David,MacGyver
Reggie.Schuster@hotmail.com,Amparo,Kessler
Pauline1@hotmail.com,Nelda,Reichel
Liza.Simonis62@hotmail.com,Eleanore,Will
Carolyne9@yahoo.com,Jazlyn,Kilback
Rupert_Cassin@gmail.com,Crystel,Hauck
Sydnie50@yahoo.com,Moses,Ratke
Jenifer_Upton94@hotmail.com,Haleigh,Wehner
Boris_Stiedemann38@gmail.com,Yasmin,Ebert
Sebastian_Rath96@hotmail.com,Camilla,Langworth
Richie_OKon94@yahoo.com,Lennie,Jerde
Nedra26@hotmail.com,Erica,Feil
Vickie.Gulgowski97@gmail.com,Dee,Kuhic
Kurtis.Hahn@gmail.com,Colt,Yost
Tad72@yahoo.com,Ara,Hilpert
Duncan15@gmail.com,Rae,Hand
Brenden.Moore85@gmail.com,Nya,Nader
Lauriane.Gislason24@yahoo.com,Amber,Quigley
Okey68@hotmail.com,Demetris,Moen
Kelli_Crona@hotmail.com,Zachary,Ernser
Bell_Berge@hotmail.com,Chauncey,Pfannerstill
Eino.Doyle57@gmail.com,Henderson,Crooks
Susie.Champlin@gmail.com,Libby,Romaguera
Sidney_Thiel96@gmail.com,Rodrigo,Gerlach
Mavis4@hotmail.com,Jean,Buckridge
Jamar_Beahan@hotmail.com,Jean,Schumm
Gus96@hotmail.com,Lila,Krajcik
Felix19@gmail.com,Karley,Murphy
Yoshiko.Schinner80@hotmail.com,Avery,Will
Elnora_Toy@yahoo.com,Reilly,Turner
Loraine71@gmail.com,Jimmy,Frami
Korey69@yahoo.com,Beverly,Price
Oswald65@yahoo.com,Gregory,Rosenbaum
Lourdes66@hotmail.com,Elnora,Murazik
Adolphus85@hotmail.com,Alexanne,Brakus
Dannie_Hettinger65@yahoo.com,Lorena,Collins
Quinten99@gmail.com,Peter,Prosacco
Natasha4@hotmail.com,Patience,Wehner
Alfred.Russel@yahoo.com,Earlene,West
David_Herman@hotmail.com,Deja,Wiegand
Carson_Hane78@yahoo.com,Phoebe,Oberbrunner
Rodrick_Wehner@yahoo.com,Jodie,Waters
Jovani_Conn@yahoo.com,Idella,Smitham
Jany.Fahey39@hotmail.com,Sanford,Kreiger
Clare.Senger90@gmail.com,Luna,Zieme
Janis14@gmail.com,Autumn,Keebler
Reginald.Kuvalis2@gmail.com,Noble,Lowe
Waldo.Schuster@gmail.com,Arnaldo,Yost
Helene.Keebler49@hotmail.com,Kelton,Ortiz
Kayden.Berge@gmail.com,Clovis,Mante
Alfonso.VonRueden@gmail.com,Stefan,Rau
Adolphus88@gmail.com,Jensen,Thiel
Laury.White27@hotmail.com,Armand,Windler
Reymundo.Hand@hotmail.com,Hadley,Larkin
Edna86@yahoo.com,Dawn,Spencer
Rosella.Fritsch@gmail.com,Liana,Collins
Jennifer28@hotmail.com,Graciela,Mosciski
Nicole_Ortiz@yahoo.com,Santina,Connelly
Stella_Anderson@hotmail.com,Frankie,Ziemann
Tressie.Koelpin@hotmail.com,Ima,Lakin
Brandi.Brekke@hotmail.com,Stan,Beer
Angelica36@yahoo.com,Rosalee,Koelpin
Ofelia.Hayes54@hotmail.com,Vicente,Skiles
Floyd45@yahoo.com,Riley,Donnelly
London.Robel@hotmail.com,Shaun,Goyette
Lane.Buckridge29@yahoo.com,Geoffrey,Jaskolski
Luis.Welch37@yahoo.com,Henri,Auer
Zane_Skiles@yahoo.com,Pamela,Swaniawski
Ricky_Towne@hotmail.com,Gay,Streich
Lavonne.Christiansen@hotmail.com,Skyla,Kunde
Amari_Hessel24@gmail.com,Piper,Hills
Jennie31@hotmail.com,Lionel,Skiles
Karianne2@gmail.com,Emmett,Keeling
Marcelle_Mraz56@hotmail.com,Bennett,Fahey
Gail.Towne@gmail.com,Eldon,Wilkinson
Isai_Rogahn93@hotmail.com,London,Breitenberg
Mohammad.Thiel@gmail.com,Hilma,Rath
Curtis_Heller@hotmail.com,Garrick,Upton
Kaylin7@hotmail.com,Elian,Block
Felicita.Farrell@hotmail.com,Armando,Zieme
Jermaine.Moore@hotmail.com,Darwin,Keebler
Arnold16@hotmail.com,Sarai,Kerluke
Royal_Leffler3@yahoo.com,Amara,Corkery
Madge_Orn87@gmail.com,Lane,Nicolas
Delia_Lehner@hotmail.com,Nat,Ziemann
Jocelyn91@hotmail.com,Lauriane,Cartwright
Mario_Mueller42@gmail.com,Lilla,Bauch
Malachi40@yahoo.com,Lily,Murray
Darrion_Schaden@gmail.com,Jasmin,Keebler
Lilly31@gmail.com,Ralph,Larkin
Hazle.Yundt58@hotmail.com,Naomie,Aufderhar
Alisa_Price@hotmail.com,Dallas,Rempel
Rowan14@hotmail.com,Lempi,Berge
Tara.Simonis72@gmail.com,Felipa,Maggio
Terrell39@yahoo.com,Stuart,Connelly
Marcos_Cassin@yahoo.com,Lane,Volkman
Juston86@hotmail.com,Carli,Weber
Kaden_Adams@gmail.com,Rosa,Green
Cesar85@hotmail.com,Alexane,Orn
Granville_Schaefer84@gmail.com,Nyah,Stokes
Kirstin70@hotmail.com,Laney,Marquardt
Danika.Doyle37@hotmail.com,Ambrose,Borer
Denis.Schneider61@gmail.com,Danial,Moen
Miracle_Douglas94@gmail.com,Etha,Hackett
Josiah.Flatley@gmail.com,Roselyn,Streich
Sage.Champlin@yahoo.com,Pietro,Feil
Shanna_Zulauf@yahoo.com,Christian,Rempel
Consuelo.Brown42@hotmail.com,Matilde,Rath
Erna.Hermann@hotmail.com,Alanis,Hand
Ethelyn_Rowe70@gmail.com,Gay,Kautzer
Dandre1@hotmail.com,Syble,Gibson
Philip57@hotmail.com,Lamar,Harber
Sylvan62@yahoo.com,Skye,Schneider
Cyril.Bednar@yahoo.com,Jonathon,Gislason
Chaim.Dicki@yahoo.com,Mckayla,Weimann
Reanna94@gmail.com,Kariane,Doyle
Gianni20@gmail.com,Dessie,Kuhlman
Yolanda.Hilll21@yahoo.com,Asha,Bradtke
Naomie_Murphy15@gmail.com,Cletus,Cremin
Reginald.Zieme@hotmail.com,Werner,Cummings
Mack52@hotmail.com,Craig,Langosh
King_Moore23@gmail.com,Aida,Marks
Harmony.Hayes@yahoo.com,Shane,Padberg
Santiago.Lebsack90@gmail.com,Lonie,Rath
Leif35@yahoo.com,Nelda,Dibbert
Iliana_Cole@hotmail.com,Loren,Medhurst
Jermain16@gmail.com,Adolphus,Larkin
Maddison.Windler87@gmail.com,Lazaro,Ledner
Scot84@yahoo.com,Otilia,Rowe
Clemmie_Flatley@hotmail.com,Raymond,Kling
Melany93@gmail.com,Loraine,Cremin
Hollie.Medhurst@hotmail.com,Juana,Cummings
Martin.Hartmann42@yahoo.com,Shawna,Senger
Sandrine9@yahoo.com,Stephon,Homenick
Erick84@gmail.com,Lamont,Parisian
Vesta57@yahoo.com,Vinnie,Mann
Leonardo.Jaskolski48@hotmail.com,Maurice,Heller
Walker.Howe@gmail.com,Norwood,Windler
Evans.Mann@gmail.com,Branson,Hayes
Willy8@gmail.com,Allan,Yundt
May_Hermiston@yahoo.com,Anika,Wilderman
Quinn9@yahoo.com,Brayan,Johnston
Jaunita63@gmail.com,Elise,Bins
Laila36@hotmail.com,Cristian,Daniel
Sean19@yahoo.com,Cecilia,Marvin
Ubaldo_Leffler9@hotmail.com,Aileen,Mayert
Demario50@gmail.com,Pearlie,Stroman
Abbie_MacGyver@hotmail.com,Macy,Kessler
Jazmyne_Hane@gmail.com,Hillary,Collins
Tessie29@yahoo.com,Dena,Murphy
Jarod.Dibbert@gmail.com,Obie,Rodriguez
Emilio.Goodwin9@gmail.com,Joannie,Gutkowski
Neoma_MacGyver37@gmail.com,Vivian,Bayer
Dell52@gmail.com,Edna,Weissnat
Randal.Hammes@gmail.com,Brian,Stracke
Garnett_Hessel@yahoo.com,Shanelle,Stoltenberg
Norwood39@gmail.com,Logan,Ferry
Michaela63@yahoo.com,Lazaro,Gaylord
Rodger_Emmerich43@hotmail.com,Tomasa,Stanton
Vidal_Dare@gmail.com,Jaren,Nitzsche
Elinore.Gulgowski80@yahoo.com,Davon,Kuvalis
Corbin.Abernathy17@yahoo.com,Jannie,Abernathy
Isai.Turner75@yahoo.com,Jules,Predovic
Agnes.Johnston51@gmail.com,Leda,Barrows
Dylan.Lind19@hotmail.com,Mya,Heathcote
Marianna.Deckow@gmail.com,Rosie,Casper
Dawn44@hotmail.com,Zoey,Schimmel
Kendrick91@gmail.com,Kyla,Powlowski
Eda_Haley@hotmail.com,Tyrese,Hayes
Mabelle_Murazik@yahoo.com,Lolita,Reilly
Autumn_Stokes@gmail.com,Alejandra,O'Keefe
Alison_Raynor@yahoo.com,Karelle,Eichmann
Ramon80@yahoo.com,Odell,Grimes
Darien_Brakus90@hotmail.com,Donavon,Mertz
Friedrich97@hotmail.com,Caleigh,Gerhold
Jaylen58@yahoo.com,Charlene,Baumbach
Kamryn.Klocko5@hotmail.com,Elliot,Smith
Nigel34@yahoo.com,Yessenia,Schroeder
Kamron.Stamm21@yahoo.com,Annalise,Leffler
Mariana.Kunde97@hotmail.com,Scottie,Wisozk
Enrico.Johnston@yahoo.com,Erica,Bednar
Harmon.Senger52@yahoo.com,Serenity,Stokes
Oran.West35@gmail.com,Margret,Welch
Adeline.Vandervort18@gmail.com,Dedrick,Bailey
Tianna.Yundt56@yahoo.com,Theresa,Hoeger
Jennyfer_Mertz6@gmail.com,Noe,Kub
Jarvis_Schulist6@hotmail.com,Noe,Paucek
Candice.Gorczany@yahoo.com,Juana,Miller
Stan35@hotmail.com,Eloise,Corkery
Tevin.Deckow10@yahoo.com,Jacey,Brown
Osvaldo.Dooley@yahoo.com,Louisa,Smith
Clifton38@yahoo.com,Vincenzo,Trantow
Kailee66@hotmail.com,Norberto,Schinner
Miguel_Schuppe18@yahoo.com,Howard,King
Richard.Mitchell7@gmail.com,Alphonso,Dibbert
Garrison_Paucek77@gmail.com,Zackary,Bernier
Kayden_Leffler83@hotmail.com,Evert,Kuhlman
Gilda.Johnson@hotmail.com,Sarah,Barton
Samara_Krajcik@yahoo.com,Winifred,Ledner
Breanne58@hotmail.com,Melyssa,Cole
Jaron.Cartwright@gmail.com,Lurline,Rohan
Forrest.Funk55@yahoo.com,Fernando,Kessler
Sidney_Runte@yahoo.com,Lela,Hartmann
Margot8@gmail.com,Micheal,Ortiz
Lesley2@hotmail.com,Lexus,Von
Okey33@gmail.com,Santino,Feil
Yazmin_Kerluke43@gmail.com,Stephan,Hand
Gino.Spinka@hotmail.com,Keyshawn,Lakin
Nola.Cartwright@yahoo.com,Merritt,Weimann
Dejuan_Hudson@yahoo.com,Brock,DuBuque
Norwood.Dibbert@hotmail.com,Yasmeen,Abbott
Ila57@yahoo.com,Lucile,Botsford
Abelardo.Kemmer@hotmail.com,Trace,Conn
Lelia_Bashirian@yahoo.com,Matilda,Hahn
Marietta74@gmail.com,Lonzo,Schulist
Kiley_Greenholt@hotmail.com,Jonathon,Bosco
Alva67@gmail.com,Sheila,Wisoky
Maida.Dach@yahoo.com,Meghan,Barrows
Delfina.Hegmann@yahoo.com,Amelie,Sanford
Cassandre67@gmail.com,Wilma,Gibson
Stacey.Wuckert@hotmail.com,Mortimer,Kuhic
Mina_Murphy@hotmail.com,Kareem,Prosacco
Johann.Morar1@hotmail.com,Kobe,Ullrich
Jamie.Hoeger55@hotmail.com,Myrtis,Heidenreich
Nicholas53@yahoo.com,Hudson,Dicki
Ryan33@gmail.com,Christophe,Rowe
Ethel46@hotmail.com,Remington,Conn
Marisa.Gibson@yahoo.com,Paula,Johns
Jess42@hotmail.com,Lue,Wuckert
Stanley.Denesik@yahoo.com,Benedict,Murray
Otho.Frami@yahoo.com,Kale,Gibson
Patience13@gmail.com,Ricardo,Murray
Micheal63@hotmail.com,Tom,Breitenberg
Giovanni_Russel@hotmail.com,Adrien,McClure
Zachery.Satterfield54@yahoo.com,Maxime,Stracke
Nya94@hotmail.com,Rebeka,Stehr
Katrina14@gmail.com,Cynthia,Donnelly
Deron.Walter@hotmail.com,Rodrigo,Sanford
Grace_Ratke73@yahoo.com,Joesph,Goodwin
Micah_Schmidt56@hotmail.com,Eleanore,Wunsch
Rhoda.Fahey@gmail.com,Brown,Pouros
Kelly_VonRueden76@hotmail.com,Dylan,Boyle
Nickolas_Conn@gmail.com,Zelma,Schaden
Mortimer94@hotmail.com,Hortense,Hirthe
Mae.Roob@hotmail.com,Nona,Bogisich
Hoyt.Reichel@yahoo.com,Sophia,Dach
Nelson.Kulas91@gmail.com,Rex,Schmitt
Nathaniel98@hotmail.com,Neil,Schuppe
Justus.Considine44@gmail.com,Rahul,Beatty
Aniya.Trantow@yahoo.com,Van,Johnson
Corbin31@hotmail.com,Hilma,Cartwright
Golden.Tromp@hotmail.com,Bernardo,Thompson
Nico37@yahoo.com,Odie,Jast
Chelsie.Friesen@yahoo.com,Eddie,O'Kon
Marcelo9@yahoo.com,Arianna,Kilback
Humberto_Glover@gmail.com,Price,Conn
Deven42@yahoo.com,Wanda,Johnston
Lesley.Boyer@yahoo.com,Jovanny,Williamson
Seth_Goodwin@gmail.com,Novella,Mann
Percy_Lesch50@gmail.com,Conor,Spencer
Alba28@hotmail.com,Caden,Nikolaus
Augustus.OHara67@gmail.com,Ida,Blick
Pearlie_Schuster@hotmail.com,Monserrat,Bruen
Asa46@hotmail.com,Markus,Halvorson
Chaim3@gmail.com,Orie,Armstrong
Monserrate.Weimann@hotmail.com,Adam,Gaylord
Jaydon_Swift62@hotmail.com,Brigitte,Romaguera
Okey.Harris@yahoo.com,Samara,Sauer
Assunta.Glover24@yahoo.com,Meaghan,Hane
Russ.Dietrich91@gmail.com,Chance,Leuschke
Joelle.Hoeger38@gmail.com,Bartholome,Harris
Sydnie_Batz50@gmail.com,Marjory,Schuster
Berry81@hotmail.com,Demarcus,Zieme
Milford77@hotmail.com,Guy,Reinger
Darien_Bernier41@hotmail.com,Melyna,Wyman
Millie_Heaney@gmail.com,Petra,Flatley
Earline2@hotmail.com,Zoie,Mayer
Donato14@yahoo.com,Hershel,Kunde
Piper.Farrell60@hotmail.com,Verner,Wintheiser
Norval96@yahoo.com,Dudley,Frami
Paul62@gmail.com,Camilla,Bradtke
Destiney.Abernathy@yahoo.com,Myles,Bailey
Thurman33@hotmail.com,Jamaal,Thompson
Providenci68@gmail.com,Alvina,Frami
Jed_Jakubowski12@gmail.com,Leland,Stroman
Merl58@hotmail.com,Bernadette,Purdy
Hershel_Balistreri8@hotmail.com,Jesse,Satterfield
Meghan.Langosh8@gmail.com,Warren,Kulas
Jeanie81@gmail.com,Skye,Luettgen
Chesley79@hotmail.com,Jackeline,Hermiston
Joel82@hotmail.com,Luciano,Raynor
Rashawn77@hotmail.com,Marjolaine,Mohr
Bridgette_Windler@yahoo.com,Rossie,Schmeler
Sigurd_Schuppe@hotmail.com,Kaela,Gutmann
Destinee.Aufderhar@yahoo.com,Carlie,Russel
Preston.Mosciski8@hotmail.com,Tommie,Roberts
Buddy.Yundt76@yahoo.com,Francis,Quitzon
Jesse_Runolfsdottir21@yahoo.com,Lea,Nienow
Corrine_Bauch70@gmail.com,Emil,Heller
Ariel.Becker@gmail.com,Doris,Wolf
Angelina79@yahoo.com,Rolando,Boyle
Oma.Kshlerin41@gmail.com,Laney,McDermott
Karolann_Block97@hotmail.com,Lloyd,Lemke
Lon_Erdman@gmail.com,Lauren,Weimann
Cary.Bode@gmail.com,Josh,Dietrich
Francis_Greenholt43@hotmail.com,General,Hilpert
Mazie78@yahoo.com,Darian,Walter
Katharina.Grimes71@yahoo.com,Randy,Wiegand
Emory_Will96@yahoo.com,Jorge,Larson
Herminia26@hotmail.com,Mabelle,Kunde
Ethel34@gmail.com,Gia,Sanford
Kameron99@yahoo.com,Stanton,Morissette
Eliezer22@gmail.com,Terrance,Ullrich
Oral.Glover3@yahoo.com,Vicky,Heathcote
Alexanne_Legros@yahoo.com,Elizabeth,Pouros
Deangelo.Turner@yahoo.com,Luis,Abbott
Amanda_Sporer@yahoo.com,Angelo,Heathcote
Cristina_Legros@gmail.com,Francis,Pfeffer
Gabriella76@hotmail.com,Efrain,Donnelly
Arlie40@hotmail.com,Jessika,Hackett
Carmelo_Kovacek70@hotmail.com,Laura,O'Conner
Euna.Goodwin70@yahoo.com,Kaycee,Rutherford
Jalon_Baumbach75@yahoo.com,Dustin,Dibbert
Amina5@hotmail.com,Caesar,Wilkinson
Ursula.Howell@gmail.com,Raven,Renner
Estelle.Nienow77@hotmail.com,Laurie,Lemke
Corbin.Funk16@yahoo.com,Raphael,Goldner
Ambrose.Torphy28@yahoo.com,Natasha,Klein
Ike13@yahoo.com,Keegan,Spinka
Lambert_Jacobs29@hotmail.com,Casimer,Willms
Noemi53@gmail.com,Sarah,Osinski
Aleen67@gmail.com,Cleora,Stamm
Finn86@hotmail.com,Lue,Kunde
Juvenal_Bergnaum@gmail.com,Jana,Cartwright
Dawson44@gmail.com,Grover,Graham
Earlene_Franecki@yahoo.com,Baylee,Dare
Fae.Adams@hotmail.com,Sylvester,Bradtke
Maya_Gerlach33@hotmail.com,Eliezer,Jacobs
Adell3@hotmail.com,Jaleel,Kemmer
Tamia_Adams71@yahoo.com,Demario,Klocko
Hank.Dickens7@gmail.com,Noemy,Pouros
Nestor1@hotmail.com,Alexanne,VonRueden
Adolf_Altenwerth9@hotmail.com,Wellington,Schamberger
Betty82@hotmail.com,Coty,Maggio
Jazlyn_King22@gmail.com,Brittany,Mante
Cedrick.Fritsch@yahoo.com,Eudora,Watsica
Emil37@yahoo.com,Bianka,Satterfield
Orlo_Hartmann@yahoo.com,Libby,Douglas
Rogelio58@yahoo.com,Price,Conroy
Dorothy29@gmail.com,Ewell,Gislason
Queenie.Kunze88@gmail.com,Jaylin,Rogahn
Eleazar92@gmail.com,Kevon,Leuschke
Marquise_Parisian@yahoo.com,Loma,Pfannerstill
Kellie38@yahoo.com,Bradley,Feil
Wilfrid11@yahoo.com,Forrest,Koelpin
Richard.Rau59@hotmail.com,Chelsie,Frami
Eliezer40@yahoo.com,Alden,O'Reilly
Orie81@gmail.com,Katrine,Wisoky
Oda.Hermiston@hotmail.com,Isom,Harvey
Rudolph_Wuckert17@hotmail.com,Grover,Stracke
Amy_Parisian@yahoo.com,Lysanne,Ward
Paris_Eichmann69@yahoo.com,Jon,Rau
Yasmeen68@hotmail.com,Thomas,Orn
Sebastian.Daugherty@yahoo.com,Korey,Hayes
Bobby58@hotmail.com,Paxton,Homenick
Corine_Gerhold@yahoo.com,Dannie,Hamill
Libbie.Nader@yahoo.com,Madge,Muller
Ola.Runolfsdottir33@hotmail.com,Rubye,Lynch
Ali_Rolfson@yahoo.com,Vivienne,West
Lupe50@yahoo.com,Hershel,Windler
Luis.Ferry50@yahoo.com,Cullen,Ledner
Claudie6@yahoo.com,Anastacio,Romaguera
Carolyn.Labadie89@yahoo.com,Gilbert,Toy
Francesca.Littel@gmail.com,Jermey,Konopelski
Nicholaus32@gmail.com,Theo,Kunde
Diana.Eichmann24@yahoo.com,Cheyenne,Waelchi
Domenick_Durgan87@gmail.com,Kayden,Dibbert
Terry80@yahoo.com,Sonia,Heathcote
Johnathan.Koch@hotmail.com,Delores,Bogisich
Precious.Ritchie59@yahoo.com,Mervin,Fahey
Moses_Legros@hotmail.com,Matteo,Luettgen
Erica_Dare@hotmail.com,Kailey,Herman
Janie.Cremin@yahoo.com,Stuart,Beatty
Yadira.Kuhn@hotmail.com,Annabell,Torp
Gloria87@hotmail.com,Ulises,Bode
Junior.Bartell@yahoo.com,Dayna,Schultz
Jaime12@hotmail.com,Herbert,Weissnat
Mark.Ryan@gmail.com,Freddie,Kuvalis
Cynthia.Oberbrunner74@gmail.com,Malvina,Sporer
Sigurd_Hand30@hotmail.com,Jordyn,Klein
Keon.Rohan@gmail.com,Hadley,Lakin
Immanuel31@hotmail.com,Fletcher,Bednar
Marquise_OConnell@hotmail.com,Henriette,Shanahan
Grover.Kutch@hotmail.com,Benjamin,O'Hara
Shea_Kuvalis16@hotmail.com,Casper,Bruen
Zoie_Mayert@yahoo.com,Sabryna,Hand
Roel97@yahoo.com,Teagan,Walsh
Kiana71@hotmail.com,Rupert,Balistreri
Maximillian83@yahoo.com,Jalyn,Ernser
Armando.Frami87@gmail.com,Ansley,Gutmann
Imogene_Rosenbaum78@gmail.com,Loyce,Brakus
Jaclyn.Mitchell94@gmail.com,Christophe,Dare
Collin_Schinner@hotmail.com,Torey,Conn
Opal_Mante99@gmail.com,Randy,Witting
Jovanny6@hotmail.com,Johnnie,Haag
Faustino60@yahoo.com,Norbert,Schumm
Harvey_Aufderhar18@hotmail.com,Christy,Predovic
Ardella_Kuphal27@gmail.com,Aaron,Kirlin
Piper92@hotmail.com,Ludie,McClure
Hiram.Towne32@yahoo.com,Ottilie,Hessel
Ansel58@yahoo.com,Celestine,Beatty
Yasmeen_Maggio19@gmail.com,Richard,Nikolaus
Lois64@gmail.com,Napoleon,Pouros
Golda94@yahoo.com,Jeanie,Gorczany
Timothy_Hills@yahoo.com,Tyrel,O'Connell
Ceasar57@hotmail.com,Fernando,Cronin
Mitchel62@gmail.com,Jordyn,Greenholt
Ofelia_Kilback@hotmail.com,Marianne,Kling
Kendra_Ritchie56@hotmail.com,Sheila,Wehner
Amaya.Graham44@yahoo.com,Harvey,Runolfsdottir
Constantin72@hotmail.com,Kathlyn,Morar
Camille_Bailey@yahoo.com,Katharina,Koepp
Adrien.Terry@yahoo.com,Reyes,Marks
Jeanie.Fadel@hotmail.com,Trevion,Champlin
Giovanna.Harvey79@hotmail.com,Tina,Conroy
Eleanore_Braun@hotmail.com,Kurtis,Greenholt
Neva48@yahoo.com,Brad,Hermiston
Syble_Bartell3@gmail.com,Antonio,Kris
Lila53@hotmail.com,Anderson,Zulauf
Jazmyne40@gmail.com,Amara,Rodriguez
Liana_Hermiston@yahoo.com,Dariana,Champlin
Gus_Kozey@gmail.com,Shemar,Hilpert
Cathy35@hotmail.com,Evert,Friesen
Dominic.Champlin75@gmail.com,Cristian,Schaden
Maymie.Morissette93@gmail.com,Brown,Dickinson
Levi_Hoeger75@hotmail.com,Shakira,Hodkiewicz
Johnathan.Nitzsche@hotmail.com,Caleigh,Pfeffer
Lilian63@hotmail.com,Jaida,Johnston
Ashlee.Lehner@gmail.com,Ryder,Osinski
Felipe_Olson@gmail.com,Ruthe,Baumbach
Rosa_Tillman31@yahoo.com,Kyra,Eichmann
Christop_Dicki@hotmail.com,Jeanette,Friesen
Gerda38@yahoo.com,Graciela,Yundt
Therese5@hotmail.com,Abbigail,King
Ivah80@hotmail.com,Agustin,Kihn
Kasey_Orn@gmail.com,Roel,Cronin
Ebba_Harber71@gmail.com,Valentin,Mohr
Hassan80@yahoo.com,Golden,Rolfson
Eloisa58@gmail.com,Maia,Aufderhar
Lelia_Kuhic@gmail.com,Angus,Bernier
Luther_Ritchie@yahoo.com,Jacky,Legros
Pattie.Heaney28@yahoo.com,Edythe,Cummings
Anabel78@yahoo.com,Cristobal,Ruecker
Kraig_Kutch63@hotmail.com,Lourdes,Hoppe
Burley_Jacobson@gmail.com,Gabe,Kreiger
Antonio.Murray74@hotmail.com,Raphael,Harber
Althea.Ernser@gmail.com,Johnny,Hyatt
Imelda74@gmail.com,Jamaal,West
Brennan_Schulist88@hotmail.com,Lilly,Kertzmann
Herta_Friesen55@yahoo.com,Allen,Goldner
Wallace65@hotmail.com,Annalise,Terry
Cameron.Lang@yahoo.com,Brianne,Zulauf
Luciano10@gmail.com,Estell,Morar
Dusty_Schaefer27@gmail.com,Lamont,Bosco
Verlie.McGlynn26@yahoo.com,Moshe,Tromp
Ava_Dare@yahoo.com,Cletus,Bashirian
Sim23@yahoo.com,Lester,Zieme
Lazaro_Gulgowski@gmail.com,Golda,Rowe
Adella60@hotmail.com,Nannie,Schultz
Adelbert_Prosacco88@yahoo.com,Estell,Terry
Fabian.Labadie@gmail.com,Shyann,Stokes
Elias.Homenick@gmail.com,Audreanne,Lindgren
Linnea39@gmail.com,Madge,Harvey
Samantha_Wuckert@hotmail.com,Adriana,Wisoky
Greta_Ernser@gmail.com,Neva,Harber
Darryl_Conn0@hotmail.com,Kane,Larkin
Justine.Yundt@gmail.com,Alfonso,Lakin
Tavares_Rohan@hotmail.com,Ernestine,Nader
Darrick_Vandervort@hotmail.com,Casey,Cruickshank
Iliana_Larkin@yahoo.com,Kaylin,Bahringer
Rex5@hotmail.com,Emelie,Corkery
Kariane.Blick68@yahoo.com,Sammy,Rolfson
Jamarcus4@hotmail.com,Bo,Dickens
Destini89@yahoo.com,Easter,Bruen
Demarcus67@gmail.com,Jaren,Dickinson
Jarod.Upton71@hotmail.com,Roslyn,Cremin
Reba.Witting@yahoo.com,Adele,Casper
Kailey71@gmail.com,Danyka,Dooley
Zita.Funk46@hotmail.com,Gwendolyn,Maggio
Johanna26@hotmail.com,Joanie,Feil
Jada_Windler63@gmail.com,Halie,MacGyver
Nedra.Mayert79@hotmail.com,Ferne,Lueilwitz
Hosea_Wisozk45@gmail.com,Briana,Nitzsche
Annabell.Tremblay@yahoo.com,Libbie,Haley
Vallie.Yost@gmail.com,Abigail,Denesik
Edmund_Schmitt@hotmail.com,Eden,Murray
Kylee.DAmore57@gmail.com,Alex,Kovacek
Magnolia.Casper69@yahoo.com,Granville,Hand
Judd.Heller@gmail.com,Eli,Yundt
Wilhelm39@hotmail.com,Marcella,Pouros
Ted_Dooley@yahoo.com,Ismael,Padberg
Quentin.Gutmann@gmail.com,Jimmy,Schroeder
Nellie60@gmail.com,Harold,Schaefer
Abdul_Green4@gmail.com,Geovanni,Jacobi
Judy.Hickle52@gmail.com,Berniece,Mitchell
Antonio.Russel27@gmail.com,Ora,Schoen
Katelynn_Bayer@gmail.com,Clarissa,Anderson
Brandi7@gmail.com,Jonatan,Ortiz
Elouise_Moore@gmail.com,Coleman,Lockman
Chester20@gmail.com,Aurelio,Lubowitz
Craig61@hotmail.com,Montana,Erdman
Douglas90@yahoo.com,Arlene,Durgan
Lewis43@gmail.com,Coy,Greenholt
Don62@gmail.com,Kari,Hamill
Hiram_Gerlach@yahoo.com,Giuseppe,Brekke
Diego.Wintheiser@hotmail.com,America,Metz
Ford.Green77@yahoo.com,Rachel,Gerhold
Mollie.Cremin53@yahoo.com,Russell,Ernser
Cydney12@hotmail.com,Zoila,Boehm
Aletha38@gmail.com,Eliane,Schuster
Lempi.Mills@yahoo.com,Kendall,Baumbach
Emerald75@hotmail.com,Lonnie,Kovacek
Agustina_Skiles57@yahoo.com,Krystina,Mosciski
Travis_Rice49@hotmail.com,Claire,Ernser
Jonathan.Wintheiser6@yahoo.com,Torrey,Gorczany
Lionel.Turcotte53@yahoo.com,Maude,Jast
Jonathon.Lang@gmail.com,Ernesto,Wolff
Ollie.Predovic62@hotmail.com,Ida,Dietrich
Wyman.Rodriguez@gmail.com,Eliane,Harvey
Sheridan.Howe91@hotmail.com,Aron,Collins
Maryse3@yahoo.com,Therese,Schneider
Amber_Batz91@yahoo.com,Jaunita,Jast
Clement.OKon10@gmail.com,Jayne,Pacocha
Bryon_Hudson@yahoo.com,Allie,Lind
Whitney.Klocko71@hotmail.com,Mercedes,Cummings
Faye86@hotmail.com,Eladio,Toy
Mallory.Pagac41@gmail.com,Kendrick,Steuber
Pietro74@hotmail.com,Delphia,McKenzie
Naomi18@yahoo.com,Roger,Pollich
Uriah_Wilkinson81@gmail.com,Larissa,Schneider
Teagan.Jacobson@hotmail.com,Webster,Fritsch
Grady.Balistreri58@hotmail.com,Max,Bauch
Baron18@yahoo.com,Rosina,Carroll
Shyann_Crist@gmail.com,Jeff,Lindgren
Mary30@gmail.com,Ian,Zulauf
Patsy.Fay45@hotmail.com,Garett,Kovacek
Benny86@hotmail.com,Durward,Spinka
Ladarius43@yahoo.com,Leon,Thiel
Mckenna_Bayer83@gmail.com,Osbaldo,Walsh
Larissa_Bernier@gmail.com,Elmo,Schoen
Kendra_Skiles@hotmail.com,Mireille,Shields
Alexa.Nienow61@hotmail.com,Ellsworth,Stamm
Joy48@gmail.com,Emily,Bins
Desiree.Fadel66@hotmail.com,Pete,Miller
Jaleel_Stanton@gmail.com,Dorian,Goodwin
Meredith86@gmail.com,Wilfred,Bergstrom
Margaretta3@yahoo.com,Trevor,Haag
Belle14@yahoo.com,Alessandro,Kautzer
Gussie.Howell@yahoo.com,Karlie,Bogan
Jaiden.Kris@yahoo.com,Tyshawn,Paucek
Louvenia_Swaniawski@hotmail.com,Zella,Wyman
Tiana.Gusikowski7@hotmail.com,Justus,Mills
Hipolito.Champlin30@gmail.com,Alisha,Goldner
Libbie_Ortiz74@gmail.com,Easton,Zulauf
Wilbert_Greenholt86@yahoo.com,Stewart,Lindgren
Alfonso69@yahoo.com,Dayne,Wolf
Ayana50@hotmail.com,Ray,Hamill
Emanuel_Abbott@yahoo.com,Damion,Dibbert
Greg90@hotmail.com,Rupert,Cormier
Brandon.Koelpin@yahoo.com,Germaine,Sipes
Maryse81@gmail.com,Chelsey,Pollich
Emmalee.Grady89@gmail.com,Newton,Kautzer
Alba83@yahoo.com,Edyth,Boyer
Sandy_Keebler63@yahoo.com,Alanna,Treutel
Clara_Bergnaum@gmail.com,Frederique,Reinger
Uriel.Auer58@hotmail.com,Romaine,Goyette
Caesar65@yahoo.com,Yesenia,Hilpert
Abel10@gmail.com,Cole,Harvey
Daisy81@yahoo.com,Paul,Kuhn
Markus_McLaughlin98@gmail.com,Titus,Rosenbaum
Maya.Grimes@gmail.com,Domenico,Dickinson
Ervin.Homenick36@yahoo.com,Lindsey,Oberbrunner
Cordell17@gmail.com,Marcos,Hickle
Alysson.Harvey38@hotmail.com,Frederic,Cruickshank
Giovanny.Johns90@gmail.com,Jaren,Wyman
Susanna57@hotmail.com,Maci,Bashirian
Tristin_Feil73@yahoo.com,Celine,Kreiger
Verlie79@hotmail.com,Tremayne,D'Amore
Juvenal.Lubowitz5@yahoo.com,Edmond,Hodkiewicz
Alexane.Jacobson39@gmail.com,Jeff,Skiles
Paris.Baumbach@yahoo.com,Susanna,Parker
Eudora33@hotmail.com,Sydnie,Price
Makenna.Nader@hotmail.com,Rupert,Ullrich
Jackeline85@gmail.com,Celia,Beatty
Edmond2@hotmail.com,Coleman,Willms
Alfreda.Connelly@hotmail.com,Rory,Davis
Adam44@hotmail.com,Brionna,Hermiston
Mustafa9@gmail.com,Maude,Hills
Frederic_Runolfsdottir@yahoo.com,Asa,Brekke
Willis71@gmail.com,Oceane,Emard
Mallie_Nicolas85@yahoo.com,Ezequiel,Kreiger
Raymundo_Barton@yahoo.com,Kane,Weissnat
Filiberto_Volkman30@hotmail.com,Minnie,Renner
Andrew_Mraz40@hotmail.com,Ephraim,Schroeder
Sydnie0@gmail.com,Zaria,Pouros
Regan_Medhurst90@gmail.com,Creola,Grady
Callie90@hotmail.com,Tiffany,Kling
Richmond17@yahoo.com,Ocie,Glover
Rodrigo74@yahoo.com,Dashawn,Fritsch
Rubye.Schulist7@gmail.com,Cathrine,Schuppe
Courtney_Heaney@yahoo.com,Helen,Daniel
Alfreda11@gmail.com,Kaelyn,Cremin
August_Casper34@hotmail.com,Earline,Osinski
Mitchell25@hotmail.com,Griffin,Walter
Waldo95@yahoo.com,Lamar,Lind
Maiya_Rau@yahoo.com,Janae,Bauch
Jermaine53@gmail.com,Kyra,King
Jessie.Weissnat@yahoo.com,Dannie,Smitham
Darrion95@gmail.com,Kurt,Mitchell
Alison.Osinski82@gmail.com,Chandler,Zboncak
Jaylin66@yahoo.com,Edmund,Emmerich
Beau44@gmail.com,Marilyne,Kemmer
Gabriel_Luettgen@hotmail.com,Angie,Satterfield
Laila2@hotmail.com,Aglae,Zieme
Brandyn20@hotmail.com,Ollie,Reynolds
Cordelia54@yahoo.com,Selina,Ziemann
Vince11@yahoo.com,Dasia,Quigley
Sedrick_Bode@gmail.com,Joey,Bergstrom
Don_Waters@gmail.com,Erin,Bauch
Foster_Hermiston45@gmail.com,Rafaela,Lockman
Jamir57@hotmail.com,Carolyne,Bernhard
Ben30@hotmail.com,Addie,Volkman
Norris73@yahoo.com,Viviane,Gusikowski
Vince88@yahoo.com,Litzy,McClure
Chaya.Barton43@yahoo.com,Deven,Moen
Deondre_Greenholt50@hotmail.com,Justina,McKenzie
Jeanette54@hotmail.com,Florence,Donnelly
Fabiola_Little@gmail.com,Loraine,Stehr
Tess.McCullough97@gmail.com,Elliot,Bauch
Madonna.Abernathy18@yahoo.com,Franco,Kilback
Willa_Kunde@gmail.com,Eladio,Bayer
Myrna46@yahoo.com,Alayna,Gusikowski
Emilia.Kautzer@gmail.com,Jordy,Miller
Emilia.Goyette83@gmail.com,Vincent,West
Vallie.Mohr4@yahoo.com,Tony,Haley
Delphine15@gmail.com,Felipa,Quitzon
Hazel_Senger89@yahoo.com,Santiago,Daugherty
Walton29@gmail.com,Aglae,Torp
Alia.Schinner70@hotmail.com,Jolie,Muller
Kristin.Steuber44@gmail.com,Kolby,Gulgowski
Hester.Kovacek51@yahoo.com,Karlee,Collins
Barton_Leffler0@hotmail.com,Ryann,Thiel
Della62@yahoo.com,Enrico,Hilll
Carole87@yahoo.com,Jane,Jenkins
Harrison_Adams@yahoo.com,Adam,Wehner
Rosamond28@yahoo.com,Sydni,Green
Micaela59@hotmail.com,Keshawn,Lehner
Werner.Kutch@gmail.com,Moriah,Pagac
Howard_Gibson41@gmail.com,Sadie,Schneider
Luna.Hilpert13@gmail.com,Catharine,Schaden
Marlen41@hotmail.com,Brett,Wehner
Max_Yundt@yahoo.com,Lilliana,Dicki
Maximus_Jones6@yahoo.com,Wilmer,Zieme
Schuyler_Parker62@gmail.com,Aracely,Purdy
Lewis_Weissnat34@yahoo.com,Twila,Johnson
Beatrice35@gmail.com,Aubrey,Waelchi
Brad.Walsh39@yahoo.com,Raven,Ankunding
Jennings.Powlowski@gmail.com,Shany,Carter
Rico.Beer6@hotmail.com,Colton,Hyatt
Verona_Pacocha33@hotmail.com,Betty,Tremblay
Katrine76@hotmail.com,Jarret,Fay
Sylvia28@yahoo.com,Jamison,Donnelly
Roberto.Schimmel82@hotmail.com,Dylan,Hilpert
Lane66@gmail.com,Domenico,Moen
Dario79@hotmail.com,Melissa,Abernathy
Tate_Morar26@hotmail.com,Flo,McLaughlin
Benjamin63@yahoo.com,Haylee,Jacobi
Kara94@hotmail.com,Molly,Emard
Jakob_Reinger@hotmail.com,Lemuel,Gerhold
Adell.Dooley38@yahoo.com,Karson,Schoen
Eudora52@hotmail.com,Aubrey,Crooks
Laury.Ankunding@gmail.com,Audra,Swaniawski
Lorna.Rutherford@gmail.com,Abigail,Botsford
Darrin_McCullough@gmail.com,Rose,Cummerata
Elwin_Bailey@gmail.com,Frederique,Lehner
Art69@hotmail.com,Nora,Bednar
Stephon_Ullrich49@hotmail.com,Marlin,Johnston
Sage.Daniel@gmail.com,Brigitte,Goyette
Hudson.Green50@yahoo.com,Hazle,Wyman
Kaylah_Hahn@gmail.com,Clarabelle,Mertz
Mylene54@hotmail.com,Barry,Graham
Nathanial_Balistreri@yahoo.com,Zena,Schaden
Lester33@yahoo.com,Armando,Bernhard
Rosalyn2@gmail.com,Aaron,Braun
Jamir.Marquardt@yahoo.com,Michele,Bode
Raquel_Metz60@hotmail.com,Mable,Paucek
Skylar10@hotmail.com,Oswaldo,Casper
Derick17@gmail.com,Luna,Ryan
Jaquelin9@hotmail.com,Elisha,Stamm
Jordi_Ankunding3@gmail.com,Neoma,Nikolaus
Vance_Wilderman@yahoo.com,Adelia,Corwin
Francisca_Mann@gmail.com,Antwan,Dare
Sigrid15@yahoo.com,Alejandrin,McClure
Celestino.Wyman7@gmail.com,Aleen,Batz
Merlin.Bayer@hotmail.com,Gretchen,Waelchi
Carley_Pfannerstill@gmail.com,Orie,Reilly
Lyla.Flatley@yahoo.com,Hershel,Moore
Giovani65@gmail.com,Rosie,Luettgen
Eleanora.Thiel27@gmail.com,Bianka,Grady
Romaine_Graham55@gmail.com,Ruby,Casper
Margie.Cummerata54@hotmail.com,Clementina,Koepp
Waylon18@hotmail.com,Manley,Leannon
Karl.Senger32@gmail.com,Tomasa,Lemke
Ricky12@yahoo.com,Keira,Gleichner
Ewald.Cole@gmail.com,Marcia,Hyatt
Claude87@yahoo.com,Bradly,Emmerich
Taylor_Adams@gmail.com,Saul,Lind
Letitia56@gmail.com,Jonathan,Lesch
Abagail.Muller@yahoo.com,Michel,Kreiger
Orval.Gleichner47@yahoo.com,Arne,Conroy
Bud44@yahoo.com,Liliane,Price
Hulda.Reinger25@hotmail.com,Gabriella,Purdy
Evalyn6@hotmail.com,Zack,Crona
Oma.Cartwright@yahoo.com,Mylene,Donnelly
Laurine_Crona58@yahoo.com,Kaley,Jast
Sigrid.Strosin@gmail.com,Amalia,Walter
Glen.Collins@yahoo.com,Sophia,Kuhic
Alexandre.Torphy@yahoo.com,Kristian,Lakin
Wilfredo_Friesen@gmail.com,Mavis,Boyer
Urban_Tromp@yahoo.com,Eldora,Gleason
Maida65@gmail.com,Viviane,Beatty
Terrell.Langosh61@gmail.com,Rusty,Hills
Jayme_Senger@gmail.com,Jodie,Hamill
Lilly24@yahoo.com,Brendon,Sawayn
Newton_Denesik21@hotmail.com,Rebeka,Quitzon
Shawn69@gmail.com,Orrin,Langosh
Beverly44@hotmail.com,Khalil,Hudson
Rodrick_Herman@yahoo.com,Kendra,Mosciski
Bart.Hills@gmail.com,Dorothy,Pacocha
Gene.Schaden80@yahoo.com,Wilfredo,Littel
Hardy19@gmail.com,Carroll,O'Reilly
Forest40@gmail.com,Arlie,Becker
Zita.Runte@yahoo.com,Simeon,Casper
Okey.Rempel@yahoo.com,Darrin,Hermiston
Jeanie79@hotmail.com,Vada,Ebert
Mauricio.Quigley0@gmail.com,Kassandra,Swift
Kay72@yahoo.com,Hadley,Russel
Sherman.Cormier50@yahoo.com,Jayden,Jacobi
Neha.Murray@hotmail.com,Cassie,Heller
Robbie_Auer@gmail.com,Angelo,Carroll
Josefina.Bode5@gmail.com,Webster,Lind
Deven_Parker59@gmail.com,Halle,Raynor
Grady_Conn60@gmail.com,Shea,Kertzmann
Elenora.Klocko6@yahoo.com,Odessa,Gibson
Agustina_Muller49@hotmail.com,Anabel,Deckow
Graham.Hackett@hotmail.com,Eloisa,Funk
Justina.Gerhold@hotmail.com,Joana,Schmeler
Raven_Shields29@gmail.com,Lysanne,Brekke
Sophia.Lang34@yahoo.com,Lessie,Bartell
Manley_Dickinson61@yahoo.com,Minnie,Hane
Mathias_OKon@gmail.com,Shirley,O'Conner
Franz13@yahoo.com,Kara,Cartwright
Marguerite.Yundt@yahoo.com,Tiana,Huels
Jewel68@gmail.com,Margarette,Haag
Dax.Prosacco@hotmail.com,Daren,Sanford
Newell.Kuhic16@gmail.com,Oleta,Spencer
Marjorie_Koss@hotmail.com,Princess,Hintz
Curtis.Balistreri@gmail.com,Chadrick,Lebsack
Bert_Walter@gmail.com,Stella,Boehm
Jon.Rippin72@gmail.com,Darron,Champlin
Kurt46@hotmail.com,Obie,Runolfsdottir
Judson.Lubowitz@gmail.com,Kiera,Kozey
Dejah.Zemlak@yahoo.com,George,Rohan
Marianne.Dibbert@gmail.com,Murray,Zemlak
Selina35@gmail.com,Shana,Zemlak
Laurine_Doyle8@yahoo.com,Eveline,Morissette
Tremaine_Rice@hotmail.com,Abigale,Stanton
Corine_Romaguera16@yahoo.com,Cedrick,Streich
Gregg.Balistreri55@yahoo.com,Clark,Wuckert
Lewis_Olson@hotmail.com,Ubaldo,Grant
Bridget.Stoltenberg68@gmail.com,Jacquelyn,Ruecker
Nick.Prohaska@hotmail.com,Theodore,Marks
Cydney.Lynch99@yahoo.com,Kacie,Gorczany
Timothy.Wuckert31@gmail.com,Tianna,Stoltenberg
Cooper_Romaguera50@hotmail.com,Eli,Heidenreich
Ivah_Zulauf72@hotmail.com,Marley,Kutch
Jordon.Schulist@yahoo.com,Prince,Trantow
Clement50@yahoo.com,Sydney,Leuschke
Ole37@hotmail.com,Ramona,Brakus
Doyle_Wolff@hotmail.com,Minerva,Schmitt
Tyrique19@hotmail.com,Elfrieda,Crona
Shakira.Blanda6@yahoo.com,Emerald,Hayes
Bernita_Rice@yahoo.com,Burley,Kulas
Henry68@gmail.com,Keshawn,Larson
Genevieve_McLaughlin15@gmail.com,Bernadette,Lind
Colleen30@yahoo.com,Colin,Ferry
Tia_Carter@yahoo.com,Nya,Casper
Nora.Schinner@gmail.com,Marta,Botsford
May5@gmail.com,Westley,Parisian
Elbert_Lang55@gmail.com,Sam,Steuber
Mckenna_Hodkiewicz77@hotmail.com,Sandy,Simonis
Melisa27@hotmail.com,Abner,Kozey
Crystal.Howe15@gmail.com,Sherwood,Ledner
Isabella.Moore@gmail.com,Zion,Heidenreich
Myrtis30@yahoo.com,Oceane,Glover
Harry_Stroman86@yahoo.com,Jade,Altenwerth
Patricia_Krajcik@gmail.com,Ardith,Labadie
Leilani_Ortiz22@hotmail.com,Joanie,Runolfsson
Meaghan.Bayer26@hotmail.com,Virginia,Gerhold
Betty.Pfeffer@yahoo.com,Savannah,Franecki
Wanda_Schmitt79@gmail.com,Lewis,Gutkowski
Nyah_Gerlach1@yahoo.com,Dock,Runolfsson
Astrid9@hotmail.com,Kendrick,Witting
Cecilia41@yahoo.com,Nelle,Jacobi
Abdiel.Ortiz73@yahoo.com,Freddie,Huel
Morton.Thompson@hotmail.com,Gertrude,Carroll
Jesus_Hane49@gmail.com,Jackeline,Champlin
Khalil66@yahoo.com,Raymond,Ortiz
Davon_Gibson5@gmail.com,Elyssa,Keebler
Alek97@gmail.com,Ottis,Corwin
Buford62@hotmail.com,Bennett,Little
Kelsi_Braun81@yahoo.com,Albert,Koepp
Jaclyn28@yahoo.com,Nola,Morissette
Barney_Hermiston@hotmail.com,Maximilian,Mann
Chase_Borer@yahoo.com,Anne,Schowalter
Nicolette.Streich2@hotmail.com,Shannon,Gorczany
Raoul.Barrows62@gmail.com,Lacey,Casper
Karina_Turner@hotmail.com,Stuart,Oberbrunner
Jadyn96@yahoo.com,Yesenia,Bins
Dario.Block@yahoo.com,Juanita,Thompson
Sandy.Rempel@gmail.com,Eula,McCullough
Laury.Bergstrom@gmail.com,Sylvia,Terry
Burdette1@hotmail.com,Aidan,Kilback
Jessy.Blanda@yahoo.com,Reinhold,Kulas
Moriah_Crooks@gmail.com,Newell,Dickinson
Travis.Wisoky4@gmail.com,Perry,Hyatt
Bridgette.Hansen8@gmail.com,Conner,O'Keefe
Alexanne.Miller36@gmail.com,Betsy,Pagac
Giovanna_Marvin@yahoo.com,Brenna,Buckridge
Lavina_Daniel96@hotmail.com,Betty,Romaguera
Carmen_Nicolas9@hotmail.com,Shana,Hamill
Korbin.Price41@yahoo.com,Eldora,O'Reilly
Godfrey_Wilderman@hotmail.com,Lilla,Dickinson
Eveline.Deckow55@yahoo.com,Camylle,Wiegand
Gordon78@gmail.com,Jaclyn,Ryan
Curtis_Kassulke1@yahoo.com,Milton,Fadel
Darwin53@yahoo.com,Georgette,Cassin
Mauricio.Ortiz61@hotmail.com,Enola,Grimes
Amos.Donnelly@yahoo.com,Marcelle,Tremblay
Roosevelt.Willms@hotmail.com,Adell,Block
Raphael90@hotmail.com,Jaclyn,Ferry
Edyth_Graham11@yahoo.com,Ursula,Rice
Lilian_Gorczany@yahoo.com,Sarina,O'Keefe
Tanya53@gmail.com,Kraig,Koepp
Elizabeth_Reynolds63@yahoo.com,Jessie,Friesen
Hoyt30@hotmail.com,Tomasa,Deckow
Casper.Upton@gmail.com,Carey,Schoen
Brando60@hotmail.com,Nathen,Prosacco
Zelma.Mayer67@yahoo.com,Nia,Hand
Rasheed_Nolan@yahoo.com,Walton,Dach
Marcel31@hotmail.com,Alberta,Pfannerstill
Laron85@gmail.com,Cyrus,Dibbert
Chelsie.Heaney@gmail.com,Emmitt,Kozey
Esmeralda.Green@gmail.com,Eveline,Rath
Marcel79@hotmail.com,Corrine,Swaniawski
Blaze72@yahoo.com,Nyah,Larkin
Hugh2@hotmail.com,Jules,Schiller
Cooper60@yahoo.com,Madilyn,Grant
Ernest_OKon@yahoo.com,Walter,Armstrong
Joany43@hotmail.com,Berniece,Miller
Cayla_Jacobson50@yahoo.com,Rhea,Kunze
Rae_Cole@hotmail.com,Kaleigh,Bradtke
Amir30@gmail.com,Osvaldo,Ryan
Lilian33@gmail.com,Rachel,Lockman
Mertie_Gorczany53@hotmail.com,Vilma,Rau
Carmel92@gmail.com,Karlie,Hirthe
Dawn52@gmail.com,Corene,Konopelski
Kamryn9@yahoo.com,Elise,Labadie
Anderson.Abshire@yahoo.com,Claudie,Heidenreich
Alfonso84@gmail.com,Helena,Blanda
Edgardo42@gmail.com,Jermey,Becker
Laverne18@gmail.com,Dejuan,Lowe
Garland28@hotmail.com,Lawrence,Goyette
Elnora.Metz@yahoo.com,Jonathan,Runte
Hal_Hansen18@hotmail.com,Emma,Haley
Florine.Thompson8@hotmail.com,Marquis,Kautzer
Marques.Collins30@gmail.com,Loy,Beer
Berta.Corkery60@yahoo.com,Bill,Dickinson
Jarrod.Toy69@hotmail.com,Dustin,Hartmann
Raheem.MacGyver91@gmail.com,Quinn,Erdman
Rachelle_Shields@hotmail.com,Dino,Maggio
Demarcus.Kozey19@hotmail.com,Austen,Schaden
Blair_Bednar@gmail.com,Jerrod,Kihn
Hyman38@hotmail.com,Gregg,Thiel
Leilani_Kilback78@gmail.com,Sam,Davis
Nadia87@yahoo.com,Joanny,Hane
Vernice.Hamill37@yahoo.com,Trey,Legros
Noble_Keebler@hotmail.com,Crawford,Kutch
Abigale.Anderson47@yahoo.com,Karina,Kreiger
Kris.Abbott55@hotmail.com,Rod,Beahan
Tyrel89@yahoo.com,Telly,Turner
Shakira60@hotmail.com,Kody,Bernier
Lilla95@hotmail.com,Anya,Herman
Arely.DAmore@gmail.com,Jaycee,White
Chester14@gmail.com,Lori,Schowalter
Wiley89@gmail.com,Belle,Bradtke
Dayton22@yahoo.com,Triston,McLaughlin
Fay_Nikolaus@hotmail.com,Bryana,Johnson
Elinor11@hotmail.com,Cade,Stoltenberg
Gage40@hotmail.com,Kaela,Muller
Rigoberto11@yahoo.com,Katlyn,Doyle
Erika45@gmail.com,Armani,Senger
Mabel.Rohan68@gmail.com,Royce,Swift
Andre_Lesch81@gmail.com,Tyler,Stehr
Mikel60@yahoo.com,Justine,Yost
Althea_Gusikowski36@yahoo.com,Marlen,Schmeler
Dan7@gmail.com,Karl,Larson
Leone_Kling@yahoo.com,Stanley,Schinner
Riley_Bode2@hotmail.com,Alexys,Barrows
Faustino96@hotmail.com,D'angelo,Zieme
Newell44@yahoo.com,Alicia,Wolf
Iva_Rohan@gmail.com,Austin,Kreiger
Colten89@yahoo.com,Bethany,Spinka
Colt.Carroll@yahoo.com,Hadley,Gulgowski
Earline9@yahoo.com,Burnice,Torp
Osborne13@yahoo.com,Olen,Little
Afton_Wisoky0@yahoo.com,Meagan,Lebsack
Adele.Marquardt98@yahoo.com,Roma,Gleichner
Augustus.Balistreri@gmail.com,Cathryn,Stokes
Nettie.Welch17@gmail.com,Jayda,Trantow
Herbert.Rohan@hotmail.com,Ashley,DuBuque
Dino.Robel30@hotmail.com,Edward,Koelpin
Sarina_Morissette88@yahoo.com,Stacey,Brekke
Jayden72@gmail.com,German,Farrell
Anjali98@hotmail.com,Lexi,Hettinger
Connie27@yahoo.com,Mallie,Cassin
Murl3@gmail.com,Kaley,Doyle
Ernestine_Conn88@hotmail.com,Shemar,Lockman
Pattie_Wolff92@yahoo.com,Kiara,Nolan
Jaylen.Towne30@hotmail.com,Alfonzo,Rodriguez
Edward.McCullough21@hotmail.com,Elian,Gorczany
Adrian_Corkery27@hotmail.com,Reuben,Gusikowski
Jaeden_Volkman@gmail.com,Flo,Turner
Cheyenne8@yahoo.com,Lauretta,Rohan
Stephany_Jenkins68@hotmail.com,Blake,Strosin
Dell74@gmail.com,Blair,Price
Scottie.Hermann73@yahoo.com,Marilie,Batz
Brooke97@yahoo.com,Lacey,Jacobi
Jayda.Quitzon@yahoo.com,Layne,Reinger
Krista11@yahoo.com,Torey,Schimmel
Jamal89@gmail.com,Oleta,Hand
Marjolaine97@hotmail.com,Enos,Kuphal
Camilla46@gmail.com,Florine,Marquardt
Kaya.Morissette@gmail.com,Abner,Raynor
Raquel.Wunsch@yahoo.com,Julien,Runolfsdottir
Michele.Funk@hotmail.com,Laurine,Carroll
Misael.Welch@gmail.com,Adrianna,Brekke
Jay24@hotmail.com,Israel,Bartell
Ewell_Gutmann@gmail.com,Virgie,Kuhlman
Earlene_Ullrich46@hotmail.com,Delphine,Becker
Courtney.Erdman@gmail.com,Monica,McCullough
Nella89@gmail.com,Armand,Beier
Arno70@gmail.com,Jewel,Dickens
Telly_Farrell@yahoo.com,Ora,Swift
Clementine_Morar@gmail.com,Rex,Gleichner
Prudence55@hotmail.com,Valerie,Cremin
Elinore_Kassulke39@yahoo.com,Angel,Lemke
Morris26@gmail.com,Levi,Will
Josefina42@gmail.com,Jena,Bartell
Ida.Lehner@gmail.com,Sebastian,Johnson
Micah.Wintheiser48@gmail.com,Vincenza,Morar
Jeremy49@yahoo.com,Soledad,Dare
Nikko20@gmail.com,Alexys,Keebler
Liam62@hotmail.com,Meaghan,Turner
Brigitte37@yahoo.com,Alexanne,Satterfield
Rubie59@yahoo.com,Eudora,Kris
Jairo.Koelpin14@gmail.com,Alexys,Padberg
Lyla_Stark@yahoo.com,Salma,Ward
Everardo_Homenick75@hotmail.com,Destini,Jacobs
Keira50@gmail.com,Duncan,Sauer
Opal_Rutherford@gmail.com,Madie,Auer
Mable.OKeefe@yahoo.com,Demario,Torp
Birdie.Jerde97@hotmail.com,Samanta,Ankunding
Garnet_Swaniawski@yahoo.com,Israel,Nolan
Dahlia.DuBuque93@hotmail.com,Jeramie,Swift
Anibal16@yahoo.com,Dock,Harvey
Aleen_Kris@hotmail.com,Coy,Ankunding
Price.Braun@yahoo.com,Columbus,Bednar
Zack36@hotmail.com,Mariah,Cassin
Trisha11@yahoo.com,Dangelo,Dicki
Ignatius_Marquardt@gmail.com,Asha,Bailey
Gia11@yahoo.com,Eldred,Stamm
Javonte.Smitham@hotmail.com,Gussie,Howell
Lorenz45@yahoo.com,Ashley,Corwin
Collin.Marks76@gmail.com,Jeanie,Funk
Scarlett26@gmail.com,Micaela,Schamberger
Amie_Sporer62@yahoo.com,Tyrese,Hilpert
Fleta.OKeefe@gmail.com,Eulalia,Altenwerth
Brenden83@hotmail.com,Leora,Windler
Santa.Maggio@gmail.com,Annetta,Carroll
Harmony_Gutmann86@yahoo.com,Marjory,Stark
Darryl84@gmail.com,Julie,Bednar
Maurine_Gerlach@yahoo.com,Piper,Kling
Elias_Reilly@yahoo.com,Cristal,Hilpert
Maximillian30@yahoo.com,Johnson,Daniel
Betty.Ferry31@hotmail.com,Amir,Kirlin
Flavio_Olson@gmail.com,Barton,Hintz
Brice.Rosenbaum31@yahoo.com,Mara,Von
Garrett13@hotmail.com,Amani,Hermann
Alivia_Legros27@hotmail.com,Adeline,Bahringer
Rhoda.Smith89@gmail.com,Andrew,Murray
Ulises_Erdman@yahoo.com,Sheldon,Monahan
Asha.Wiegand36@yahoo.com,Name,Shields
Amina.Carter64@gmail.com,Peter,Marvin
Lionel_Bradtke@gmail.com,Ian,Hermann
Bessie_Stehr@hotmail.com,Eliane,Nienow
Lisandro_Connelly@hotmail.com,Guillermo,Ryan
Reta_Schmeler37@hotmail.com,Lawson,Kris
Catharine37@gmail.com,Joesph,Pagac
Diego67@yahoo.com,Sadie,Larson
Pietro82@gmail.com,Camren,Harvey
Augusta_Runolfsdottir@hotmail.com,Buddy,Tromp
Precious_Schmidt61@yahoo.com,Eusebio,Botsford
Jameson.Brekke@yahoo.com,Ross,Kunze
Adonis44@yahoo.com,Izabella,Jacobs
Leif64@yahoo.com,Trace,Borer
Genoveva1@gmail.com,Sydni,Schneider
Isaiah.Sanford@yahoo.com,Ansel,Herman
Nathen67@hotmail.com,Joseph,Hahn
Garnett_Schumm30@gmail.com,Douglas,Wisozk
Percival_Kuhlman@yahoo.com,Chad,Auer
Jana87@hotmail.com,Robbie,Blanda
Alfreda_Hudson0@yahoo.com,Ed,Weimann
Diana.Connelly@gmail.com,Jaylan,Mayer
Wade_Conn@yahoo.com,Vicente,Kuhlman
Alexa6@yahoo.com,Gerald,Glover
Eldora51@hotmail.com,Clint,Quigley
Deron_Kulas@gmail.com,Harmony,Dibbert
Dandre_Bogan7@yahoo.com,April,Friesen
Mossie.Weber92@hotmail.com,Ken,Hackett
Mateo.Ortiz@yahoo.com,Evie,Braun
Elvis.Stoltenberg72@gmail.com,Tierra,Borer
Madelynn.Jenkins@yahoo.com,Buck,Rodriguez
Shania.Bailey67@gmail.com,Cydney,DuBuque
Kevin3@hotmail.com,Lupe,Willms
Jabari_Boyle@gmail.com,Beau,Mueller
Jeanette13@yahoo.com,Flavie,Parker
Branson54@hotmail.com,Dena,Bernhard
Joyce6@hotmail.com,Naomie,Ruecker
Bettie.Murray@gmail.com,Cecilia,Bechtelar
Yessenia_Beatty@yahoo.com,Jazmin,Jast
Braxton80@yahoo.com,Caitlyn,Gerlach
Queen.Haag16@hotmail.com,Alison,Langworth
Margret_Towne79@hotmail.com,Jeffry,Bayer
Lexus19@yahoo.com,Jayne,Schowalter
Damaris.Hoppe25@yahoo.com,Vivian,West
Bettye.Bartoletti@yahoo.com,Royal,Greenholt
Adrien19@yahoo.com,Monroe,Kub
Norwood_Hammes29@gmail.com,Austin,Klocko
Judge.Hoeger77@hotmail.com,Jamie,Huel
Anita.Wintheiser@gmail.com,Adrian,Sporer
Deshawn71@yahoo.com,Vada,Labadie
Ernestina.Wehner72@gmail.com,Meghan,Ferry
Tyson_Mills1@gmail.com,Aaliyah,Blick
Ezekiel.Grady12@yahoo.com,Ila,Armstrong
Tristin26@gmail.com,Bulah,Maggio
Laurie89@yahoo.com,Diego,Larkin
Rodrigo.Rolfson@gmail.com,Tianna,Little
Kasey33@yahoo.com,Omari,Lubowitz
Hollie64@hotmail.com,Tamara,Halvorson
Brad90@gmail.com,Easter,Pagac
Royce54@hotmail.com,Vicky,Ward
Bernard_Ferry67@gmail.com,Caleigh,Zieme
Iliana.Turner@hotmail.com,Gay,Luettgen
Tamia.Bednar@hotmail.com,Kathleen,Hackett
Dessie_Purdy@yahoo.com,Eduardo,Sauer
Ignatius26@yahoo.com,Emmitt,Wolf
Luna_Schimmel19@gmail.com,Esteban,McClure
Esther21@yahoo.com,Justice,Schneider
Monte.Gerhold64@yahoo.com,Solon,O'Kon
Oran58@yahoo.com,Durward,Kunze
Dariana_Mayer33@yahoo.com,Baby,Stehr
Velma.Yost76@yahoo.com,Erik,Marks
Anjali_Heller34@gmail.com,Gerson,Hartmann
Katheryn42@gmail.com,Evan,VonRueden
Libbie.Dach35@yahoo.com,Lily,Fahey
Jeffery39@yahoo.com,Mariela,Moore
Clifford.Zboncak66@gmail.com,Camron,Kunze
Broderick_Kub90@yahoo.com,Heidi,Kunde
Arvel.Schaefer@hotmail.com,Emmitt,Crooks
Nico_Cole4@yahoo.com,Guido,Haley
River26@gmail.com,Keven,Kihn
Lula_Franecki@hotmail.com,Kimberly,Hartmann
Connie_Bednar@gmail.com,Triston,Kertzmann
Rogelio.Lind@gmail.com,Koby,Murazik
Crawford_Kreiger@hotmail.com,Kian,Ebert
Hoyt.Schulist@hotmail.com,Judd,Marvin
Ashly32@gmail.com,Diana,Hessel
Johan_Konopelski@yahoo.com,Price,Robel
Mollie_Jaskolski53@gmail.com,Johnny,Ullrich
Brian.Corkery@gmail.com,Ashtyn,Kuvalis
Adaline88@hotmail.com,Orville,Schinner
Edna_Hartmann@gmail.com,Vida,Cormier
Orval.Bergnaum21@yahoo.com,Petra,Mertz
Damon82@hotmail.com,Carlotta,McCullough
Karen21@yahoo.com,Jacques,Homenick
Jadon37@hotmail.com,Ludwig,Tremblay
Jocelyn_DAmore30@hotmail.com,Kayley,Schulist
Finn9@hotmail.com,Karlie,Mraz
Brown41@hotmail.com,Damien,Crist
Ramiro43@gmail.com,Reba,Kilback
Lenore_Ullrich@gmail.com,Sylvester,Pfannerstill
Orville.Upton7@gmail.com,Jazmin,Hoppe
Marlee65@yahoo.com,Lily,Hamill
Raheem_Schmeler@yahoo.com,Tod,Romaguera
Rossie_Bailey@gmail.com,Bennie,Grady
Forest.Rippin29@gmail.com,Carmine,Collier
Aryanna_Upton@hotmail.com,Kenyatta,Wunsch
Marcella_Schuppe87@hotmail.com,Aditya,Mertz
Pierre.Russel67@yahoo.com,Eleanora,Koch
Nella96@gmail.com,Grayce,Wolff
Lenore77@yahoo.com,Milford,Terry
Thea14@yahoo.com,Tavares,Hauck
Esta55@hotmail.com,Cortez,Gerhold
Joesph31@hotmail.com,Miles,Mante
Amos.Kirlin79@hotmail.com,Nyasia,Gibson
Yasmin_Thompson52@yahoo.com,Daron,Wilkinson
Genevieve.Braun98@gmail.com,Gregg,Mayert
Rocky82@gmail.com,Barry,Schamberger
Wilber_Dach51@hotmail.com,London,Gusikowski
Maximo.Hermiston7@yahoo.com,Sarah,Rohan
Maida_Pfeffer@gmail.com,Emilie,Balistreri
Harley.Terry31@hotmail.com,Roselyn,Kulas
Hillard_Cassin83@hotmail.com,Bartholome,Lind
Theresia72@yahoo.com,Diana,Haley
Horace34@yahoo.com,Anderson,Kozey
Kenny0@hotmail.com,Raymond,Farrell
Layla_Turcotte67@gmail.com,Rachelle,Kirlin
Alicia.Gerlach@hotmail.com,Albina,Mayert
Eddie.Schmeler76@hotmail.com,Ethan,Medhurst
Lisandro.Zemlak@hotmail.com,Diana,Kris
Verda_Abbott@yahoo.com,Charlotte,Von
Marcella53@yahoo.com,Lottie,Brekke
Jada3@yahoo.com,Audrey,Gaylord
Cora40@yahoo.com,Leatha,Price
Emelie.Lowe72@hotmail.com,Friedrich,Brekke
Jesus_Cummings@hotmail.com,Roselyn,Donnelly
Ivy.Nolan22@yahoo.com,Alexandro,Volkman
Lindsay30@hotmail.com,Jaden,Gottlieb
Newell.Johnson6@yahoo.com,Hazle,Waters
Jillian_Willms@gmail.com,Abbie,Zulauf
Ruthe.Blick@gmail.com,Javonte,Hessel
Isidro46@hotmail.com,Casandra,Brekke
Deron.Weber23@gmail.com,Juliana,Bartoletti
Al_Funk74@gmail.com,Nellie,Hodkiewicz
Eldred.Hauck54@yahoo.com,Melisa,O'Conner
Annamarie.Goodwin80@yahoo.com,Rory,Ondricka
Stuart_West@gmail.com,Gage,Schuppe
Stephon.Schiller87@hotmail.com,Braulio,Murray
Kaden_Buckridge@gmail.com,Nathaniel,Veum
Jayce67@hotmail.com,Elenora,Daniel
Eugene.Lemke@yahoo.com,Deontae,Moore
Kattie.Collier75@gmail.com,Ford,Little
Vicky0@hotmail.com,Jamey,Wisozk
Abbie48@yahoo.com,Astrid,Parker
Hilario.Bartell@hotmail.com,Emelie,West
Clemens91@gmail.com,Bessie,Borer
Litzy.Simonis4@gmail.com,Trisha,Zboncak
Jose.Stracke93@yahoo.com,Kenya,Gusikowski
Cindy_Altenwerth@gmail.com,Oswald,Spencer
Patsy39@gmail.com,Kaley,Wintheiser
Norbert35@gmail.com,Pierre,Keeling
Rozella60@hotmail.com,Eino,Lakin
Ralph_Torp95@hotmail.com,Keith,Blanda
Meagan4@hotmail.com,Kris,Kovacek
Della46@yahoo.com,Maude,Stiedemann
Vilma.Koepp@yahoo.com,Sammie,Wyman
Crystel_Brakus@hotmail.com,Neal,Conn
Uriah_Doyle7@yahoo.com,Oceane,Bogisich
Gracie.Christiansen@gmail.com,Gordon,Cummings
Hilario86@hotmail.com,Susan,Jast
Kellen_DuBuque@hotmail.com,Santa,Keebler
Noel38@yahoo.com,Pierce,Kris
Duane63@gmail.com,Amya,Murphy
Mariela.DAmore65@yahoo.com,Gwendolyn,Swaniawski
Makayla.Hamill14@yahoo.com,Marques,Ernser
Ella52@hotmail.com,Armani,Witting
Dave8@hotmail.com,Kendrick,Gislason
Jannie22@hotmail.com,Bud,Mayert
Ignatius.Ernser93@yahoo.com,Adolph,Lockman
Ofelia.McClure53@gmail.com,Eli,Cummerata
Alexys_MacGyver7@hotmail.com,Darion,Jerde
Bianka_Schuppe73@gmail.com,Elinore,Reichert
Madonna50@yahoo.com,Koby,Pacocha
Carolyn_Skiles@gmail.com,Rosanna,Tremblay
Mireille_Langworth@gmail.com,Alfonzo,Blanda
Curtis16@hotmail.com,Dante,Nolan
Clare.Ernser3@gmail.com,Milton,Dietrich
Emmet_Schmidt@yahoo.com,Maximo,O'Connell
Lane.Simonis@hotmail.com,Clementine,D'Amore
Gonzalo.McCullough@hotmail.com,Ollie,Purdy
Keara.Mohr76@yahoo.com,Hailie,Reynolds
Rosalinda.Bahringer44@gmail.com,Delia,Lind
Mathias_Schinner@hotmail.com,Mazie,Treutel
Garry19@yahoo.com,Dejah,Moen
Dane97@gmail.com,Vernice,Jones
Jamey_Marquardt@yahoo.com,Lora,Russel
Ova_Kilback92@yahoo.com,Buford,Mueller
Einar.Jenkins@gmail.com,Joesph,Schamberger
Matteo.Fahey@gmail.com,Cecilia,Upton
Charlotte_Wintheiser@yahoo.com,Flossie,Ziemann
Brandon_Rogahn32@gmail.com,Alf,McDermott
Graham20@hotmail.com,Sasha,Shanahan
Celine_Fahey@hotmail.com,Alysha,Harris
Pierre_Macejkovic@gmail.com,Mathew,Bogisich
Charlie34@gmail.com,Everett,Lesch
Eladio_Kling@gmail.com,Gino,Yundt
Guiseppe.Blanda@hotmail.com,Destany,Kerluke
Florence_Huel@hotmail.com,Nils,O'Hara
Christine_Ziemann@hotmail.com,Doris,D'Amore
Charlene_Schneider68@gmail.com,Russ,Ward
Velva88@gmail.com,Estelle,Jenkins
Albertha90@hotmail.com,Helmer,Hilll
Keagan_Ullrich@hotmail.com,Dangelo,O'Reilly
Trevor24@yahoo.com,Casandra,Bradtke
Fanny6@hotmail.com,Delfina,Windler
Ella_Langworth12@gmail.com,Verlie,Dare
Coralie.Marks92@gmail.com,Ardella,Lynch
Scottie33@hotmail.com,Bryce,Stokes
Gay.OReilly60@gmail.com,Cooper,Bauch
Alfonzo_Schowalter@yahoo.com,Pinkie,Barrows
Lavada1@hotmail.com,Freeda,Anderson
Cara.Schmeler79@hotmail.com,Kaden,Ankunding
Magdalena29@hotmail.com,Mariana,Kuvalis
Emery_Abbott@gmail.com,Alden,Mitchell
Shanon.Leffler96@hotmail.com,Garrett,Oberbrunner
Raven_Connelly48@yahoo.com,Alva,Kertzmann
Jamir79@hotmail.com,Crawford,Mayer
Dorothy20@yahoo.com,Rosie,Kiehn
Claudia66@hotmail.com,Ayla,Orn
Quentin.Willms18@yahoo.com,Josh,Kshlerin
Marianna.Kozey@gmail.com,Fern,Hauck
Braden.Strosin15@hotmail.com,Nathaniel,Runolfsdottir
Destini_Langosh25@gmail.com,Amparo,Kunde
Zelda40@gmail.com,Jared,Kautzer
Beaulah.Kertzmann90@yahoo.com,Sonya,Hauck
Madison63@hotmail.com,Elna,Ziemann
Murray.Zieme48@gmail.com,Dortha,Kunde
Lucius.Gislason@yahoo.com,Lenore,Swaniawski
Lorenz11@yahoo.com,Kamron,Brown
Gunnar_Rippin@yahoo.com,Devyn,King
Chaya_Kuhn@gmail.com,Ward,Cremin
Pierre1@hotmail.com,Alba,Goldner
Gerald24@yahoo.com,Ayden,Kling
Barry_Klein@gmail.com,Jesse,Cartwright
Ole.Cremin92@hotmail.com,Terrance,Hauck
Sibyl_Wintheiser69@yahoo.com,Caterina,Blanda
Brooks_Koepp95@gmail.com,Glennie,Metz
Kaitlin_OConnell@gmail.com,Bryana,Schiller
Jaclyn_Lind5@yahoo.com,Kavon,Herzog
Laisha.Crooks51@yahoo.com,Kamren,Bailey
Miracle.Spinka78@yahoo.com,Erwin,Carroll
Naomie16@hotmail.com,Gaston,Graham
Kayden82@hotmail.com,Coty,Reilly
Alba.Towne@yahoo.com,Kraig,Prohaska
George47@hotmail.com,Janick,Mante
Hermann.Corwin@yahoo.com,Clifford,Little
Trenton.Roberts42@hotmail.com,Reilly,Von
Jazmyne32@gmail.com,Clare,Homenick
Brendan_Homenick@yahoo.com,Everett,Witting
Marjorie_Klein10@gmail.com,Brain,Corkery
Horacio_Kuhlman@gmail.com,Halle,Hodkiewicz
Abagail_Cole@yahoo.com,Karlee,Reilly
Pete.Conroy38@gmail.com,Pete,Quitzon
Mckayla_Abernathy@gmail.com,Mara,Kreiger
Misty_Ward@hotmail.com,Gaston,Hyatt
Nayeli.Bauch60@gmail.com,Rigoberto,Ullrich
Jesus.Bahringer@gmail.com,Rachael,Murazik
Shayne77@gmail.com,Lesly,Kautzer
Marge63@hotmail.com,Albert,Leannon
Camylle39@yahoo.com,Paolo,Hoppe
Gerry.Crona85@hotmail.com,Anderson,Funk
Ardith62@hotmail.com,Mabelle,Runolfsdottir
Gerda.Marvin86@gmail.com,Rosalee,Daniel
Dayton.Walter@gmail.com,Alfonzo,Crist
Milton_OHara14@gmail.com,Ransom,Bechtelar
Tillman.Weissnat@yahoo.com,Merle,Vandervort
Damaris17@yahoo.com,Vicky,Lebsack
Floyd_Dicki71@gmail.com,Korbin,Nicolas
Shanna27@yahoo.com,Marge,Willms
Tito_Wilkinson78@yahoo.com,Zoila,Bernier
Madeline7@yahoo.com,Abdul,Senger
Orville_Parisian@yahoo.com,Lauryn,Ratke
Camden93@gmail.com,Devante,Fahey
Rafaela_Rutherford43@gmail.com,Felicia,Aufderhar
Lori44@hotmail.com,Genesis,Kuhn
Blanche_Lynch@hotmail.com,Kay,Balistreri
Orville.Carter@yahoo.com,Paolo,Bartell
Ricky77@gmail.com,Elna,Roberts
Brennan_Little50@gmail.com,Isaias,Harvey
Giles.Bins87@gmail.com,Lila,Schaefer
Maud79@gmail.com,Keeley,Barrows
Llewellyn.Paucek@gmail.com,Sasha,Sipes
Neha92@yahoo.com,Leanne,Lowe
Shea.MacGyver88@yahoo.com,Aurelie,Schaden
Edgar_Lang83@hotmail.com,Herminia,Friesen
Curtis.Gerlach@gmail.com,Jarred,Schmitt
Arvilla13@gmail.com,Dortha,Brown
Crystal_Brekke90@yahoo.com,Dallin,Schoen
Richie.Reynolds@yahoo.com,Clemmie,Orn
Missouri66@hotmail.com,Beau,Ebert
Elton96@hotmail.com,Tania,Nolan
Abigale7@gmail.com,Max,Price
Dashawn.Thompson@gmail.com,Laney,Kautzer
Lenora59@gmail.com,Aylin,Kozey
Francis_Simonis@gmail.com,Dedrick,Blick
Tremaine_Mohr92@yahoo.com,Nadia,Bernhard
Estelle_Frami@yahoo.com,Modesta,Gerhold
Sim80@yahoo.com,Princess,Feeney
Kristopher.Kerluke@hotmail.com,Remington,Wilderman
Flavie53@hotmail.com,Jewell,Hoppe
Catharine_McCullough65@gmail.com,Nickolas,Larson
Helen55@hotmail.com,Ellen,Reichel
Leann33@hotmail.com,Alivia,Runte
Justen69@yahoo.com,Alvera,Collier
Colin.Kreiger24@hotmail.com,Heaven,Howell
Rosalind_Runte@gmail.com,Tad,Lehner
Felicity.Rolfson63@gmail.com,Katlynn,Lesch
Earlene75@hotmail.com,Sofia,Hansen
Jazmin.Oberbrunner26@hotmail.com,Fern,Beer
Violet_Olson44@yahoo.com,Donnie,Rutherford
Keara29@yahoo.com,Maritza,Morissette
Albert55@yahoo.com,Tina,Swaniawski
Merl_Becker@gmail.com,Murphy,O'Keefe
Bryce.Larkin64@yahoo.com,Malvina,Legros
Ryder94@gmail.com,Harley,Fadel
Ena.Jones@hotmail.com,Justyn,Watsica
Alexys25@hotmail.com,Teresa,Nikolaus
Meredith_Gleason23@yahoo.com,Mertie,Luettgen
Tiana.Runolfsson@yahoo.com,Susana,Batz
Isidro_OReilly@hotmail.com,Trystan,Stanton
Chelsea90@yahoo.com,Trevion,Kuvalis
Clark77@yahoo.com,Leonel,Langworth
Jace.Harber@gmail.com,Bethany,Pfannerstill
Iliana_Macejkovic25@gmail.com,Jillian,Parker
Elsie92@yahoo.com,Elvis,Kreiger
Mellie.Emard42@yahoo.com,Jay,Mertz
Izaiah_Marquardt33@hotmail.com,Agustin,Lemke
Jack.Harvey@hotmail.com,Kiley,Mertz
Clemmie49@yahoo.com,Sandra,Brown
Dion_Brown74@gmail.com,Francisco,Quigley
Syble.Weber46@hotmail.com,Howell,Reynolds
Ernie.Jenkins99@hotmail.com,Dixie,Marquardt
Gladys_Nader10@yahoo.com,Dorcas,Smith
Amir.Stark@yahoo.com,Electa,Anderson
Owen.Veum55@gmail.com,Savion,Metz
Avis_Ondricka15@hotmail.com,Brant,Hintz
Delpha_Heaney@hotmail.com,Joy,Balistreri
Eda_Grady@gmail.com,Geraldine,Tromp
Jolie_Beahan@gmail.com,Rodrick,Gutkowski
Vita.Hyatt56@hotmail.com,Oliver,Kautzer
Melody_Welch8@hotmail.com,Burdette,Murazik
Alek_Herman21@hotmail.com,Cody,Hamill
Ada66@gmail.com,Jerry,Sawayn
Ahmad_Wehner@hotmail.com,Lorine,Shields
Dortha_Champlin24@yahoo.com,Connie,Adams
Jake_Walsh64@gmail.com,Hallie,Rice
Darrion81@gmail.com,Marguerite,Ruecker
Julio.Franecki@gmail.com,Katlynn,Nienow
Lucas90@hotmail.com,Shakira,Koepp
Adolph_Ondricka29@gmail.com,Bernie,Mitchell
Sierra.Stehr@gmail.com,Christopher,Hoppe
Dayna_Kuvalis40@yahoo.com,Stefanie,Erdman
Aliyah65@hotmail.com,Valentin,Kuhic
Bradley_Welch31@yahoo.com,Jamison,Jones
Name_Bins@yahoo.com,Queen,Cormier
Germaine_Brekke@gmail.com,Bernhard,O'Keefe
Will40@yahoo.com,Elenor,Reynolds
Ezra.Welch12@gmail.com,Tiara,Keeling
Riley32@gmail.com,Kamron,Johnson
Everett_Jenkins8@hotmail.com,Edward,Greenholt
Flo_Huel90@yahoo.com,Barry,Cummerata
Mireille.DuBuque@hotmail.com,Cheyanne,Welch
Karlee_Schmitt@yahoo.com,Patrick,Rempel
Piper_Lebsack@yahoo.com,Nikki,Kunze
Nasir.Kuhic48@hotmail.com,Shana,Terry
Florian_Abshire70@hotmail.com,Stephanie,Weimann
Melissa15@yahoo.com,Dario,O'Conner
Wanda84@yahoo.com,Johan,Baumbach
Sanford_Ledner@gmail.com,Tevin,Gleason
Frederique23@gmail.com,Kaylah,Kuhlman
Ian_Considine50@hotmail.com,Cydney,Goodwin
Raphael.Schroeder44@yahoo.com,Margarett,Ziemann
Emilio_Effertz62@hotmail.com,Nestor,Tillman
Minnie29@gmail.com,Wilbert,Gottlieb
Santina.Rippin@yahoo.com,Kayla,Kovacek
Corine63@hotmail.com,Marlene,Wisozk
Rick71@gmail.com,Fredrick,Ortiz
Durward_Keebler@gmail.com,Clifford,Fritsch
Anahi.Thompson@yahoo.com,Leta,Grady
Emmie21@gmail.com,Eduardo,Kling
Blaze22@yahoo.com,Kelsi,O'Hara
Terrence58@yahoo.com,Elva,West
Hillary_Wunsch@yahoo.com,Kris,Hand
Eveline19@hotmail.com,Colby,Bauch
Madilyn_Waters@gmail.com,Joe,Mayert
Derek_Skiles@hotmail.com,Sadye,Toy
Howell82@yahoo.com,Patrick,Kassulke
Salma.Mante@gmail.com,Adelle,Thiel
Chelsie_Parisian@yahoo.com,Jason,Gaylord
Harry81@hotmail.com,Warren,Leffler
Rodrigo39@hotmail.com,Chaya,Becker
Brooklyn8@hotmail.com,Norene,Lockman
Hester_Leffler34@hotmail.com,Madisyn,Rosenbaum
Louisa75@yahoo.com,Randi,Roob
Berniece36@hotmail.com,Malvina,Bechtelar
Jayden.McCullough@hotmail.com,Sarina,Gorczany
Gaetano.Gaylord@yahoo.com,Carey,Rodriguez
Karen.Skiles@gmail.com,Evelyn,Hoeger
Tressie_Gleichner@yahoo.com,Kamren,Hane
Oma.Treutel14@hotmail.com,Alberta,Homenick
Samantha.Kunde60@hotmail.com,Linwood,Von
Julio.Huels75@gmail.com,Drake,Mueller
Leif.Konopelski30@yahoo.com,Terrance,White
Orlando63@gmail.com,Dallas,Hills
Kenny.Thiel@hotmail.com,Alberta,Reichel
Rey_Huels94@gmail.com,Carissa,Bradtke
Jaleel.Corkery25@hotmail.com,Mathias,Renner
Connie_Murray@yahoo.com,Irma,Kertzmann
Haylie_Cummings59@yahoo.com,Onie,Green
Muriel_Hickle92@hotmail.com,Armani,Pacocha
Tamia23@gmail.com,Bart,Koelpin
Makenzie.Leuschke@gmail.com,Chadrick,Turcotte
Marques_Pouros@gmail.com,Terrill,Hagenes
Lenora.Schmidt86@gmail.com,Jacquelyn,Beier
Colton34@hotmail.com,Eunice,Crona
Rhiannon62@gmail.com,Cristal,McGlynn
Jason.Mayert33@gmail.com,Sunny,Cassin
Noelia_Schuster32@yahoo.com,Howell,Hamill
Larissa38@gmail.com,Haylee,McClure
Kailee.Luettgen76@yahoo.com,Neil,Halvorson
Emery98@hotmail.com,Palma,Wuckert
Aletha.Tromp84@hotmail.com,Constance,Konopelski
Remington27@gmail.com,Laury,Bernier
Gilda.Turner97@gmail.com,Darby,McClure
Devonte81@gmail.com,Marianne,White
Terrence.Wiza67@yahoo.com,Bernardo,Funk
Jovanny99@hotmail.com,Laurie,Ziemann
Polly.OKon@hotmail.com,Ollie,Gislason
Garnet92@yahoo.com,Ashley,Waelchi
Ozella.Lynch97@gmail.com,Sallie,Purdy
Bulah57@yahoo.com,Keely,Stehr
Madonna_Thompson@gmail.com,Darien,Gutmann
Frederick9@yahoo.com,Easter,Heaney
Christian89@yahoo.com,Yasmin,Prohaska
Jesus71@hotmail.com,Kenya,Littel
Vivianne.Bartoletti@gmail.com,Emilio,Wilkinson
River_Franecki@hotmail.com,Marcella,Windler
Kamryn.Hintz@yahoo.com,Bobbie,Sanford
Kelvin0@yahoo.com,Dimitri,Balistreri
Valerie61@yahoo.com,Rigoberto,Krajcik
Aidan_Lind96@yahoo.com,Paula,Breitenberg
Muhammad_Jones99@yahoo.com,Stefan,Schoen
Angelica.Wuckert@hotmail.com,Ara,Daniel
Alana25@hotmail.com,Janae,Dooley
Vena_Gutkowski@yahoo.com,Declan,Schiller
Kathryn30@gmail.com,Jaycee,Mills
Amalia_Kunde@gmail.com,Aliyah,Rowe
Karolann30@gmail.com,Levi,Becker
Reta_Kshlerin10@yahoo.com,Ashleigh,Roberts
Mireille_Kuphal66@hotmail.com,Dion,Schulist
Krystel_Beatty@gmail.com,Alison,Gleason
Sedrick_Lubowitz12@hotmail.com,Melody,Kerluke
Bernadine_Goldner26@yahoo.com,Julia,Predovic
Tyra.Treutel@hotmail.com,Kobe,Anderson
Sydney.Wiegand72@hotmail.com,Earlene,Waters
Melisa_Denesik@gmail.com,Hellen,Kessler
Sonya83@yahoo.com,Aaron,Haag
Marvin.Ortiz32@hotmail.com,Kris,Cummings
Madisyn.Pacocha@gmail.com,Lizzie,Predovic
Jamal_Borer71@yahoo.com,Greta,Moore
Agustin67@gmail.com,Solon,Wiza
Reggie_Breitenberg23@hotmail.com,Barney,Marks
Cora.Von71@hotmail.com,Tom,Roob
Cyril_Harber@hotmail.com,Fay,Nikolaus
Lydia.Hackett89@yahoo.com,Raegan,Becker
Eveline.Conroy@hotmail.com,Berneice,Gulgowski
Christina55@hotmail.com,Hassan,Dach
Garnet.Bode@yahoo.com,Wilhelmine,Shanahan
Oral.Ullrich@yahoo.com,Lupe,Jenkins
Alberto42@yahoo.com,Joshua,Collins
Ashton56@yahoo.com,Brannon,Abernathy
Rigoberto_Wisoky99@yahoo.com,Tressie,Purdy
Carolanne.Gerlach66@gmail.com,Marlon,Morar
Madge.Ondricka@gmail.com,Trenton,Heller
Mia_Donnelly89@yahoo.com,Kale,Mitchell
Lauretta.Koch@hotmail.com,April,Eichmann
Dorcas.MacGyver@gmail.com,Brad,Anderson
Imani_Hudson@hotmail.com,Jabari,Adams
Paula.Terry@yahoo.com,Maximilian,Glover
Willa.Stark37@yahoo.com,Lemuel,Bahringer
Hiram58@yahoo.com,Sherwood,Champlin
Pedro.Streich@hotmail.com,Joyce,Hermann
Rhea7@hotmail.com,Gardner,Bailey
Aiden.Corkery@hotmail.com,Roosevelt,Erdman
Nicolette44@yahoo.com,Emerald,Huels
Okey87@gmail.com,Kari,Konopelski
Mariane22@gmail.com,Rosalyn,Hodkiewicz
America.Lesch68@gmail.com,Morris,Bahringer
Amira.Parisian33@hotmail.com,Keyon,Cole
Joana_Bins17@yahoo.com,Trystan,Senger
Dasia57@yahoo.com,Chaya,Nienow
Vivian.Schmeler88@gmail.com,Natalia,Skiles
Beverly94@hotmail.com,Armani,Schoen
Deborah86@yahoo.com,Leland,Koch
Virginia_Emmerich72@yahoo.com,Aida,Fadel
Baron_Larkin83@hotmail.com,Roman,Dickinson
Kane_Muller@yahoo.com,Alysha,Keebler
Mathew.Hahn@gmail.com,Alejandrin,Sanford
Tressie35@gmail.com,Jacquelyn,Bogisich
Samson.Bauch97@gmail.com,Pablo,Johnson
Celestine23@hotmail.com,Yvonne,Rempel
Anahi.Will70@yahoo.com,Diamond,Denesik
Rhoda_Price@gmail.com,Stacy,Wolf
Lavonne42@gmail.com,Arnaldo,Schmidt
Hilario_Jacobs@yahoo.com,Meaghan,Crona
Grayson93@hotmail.com,Jada,Lueilwitz
Willis25@yahoo.com,Olga,Stanton
Khalil_Wisozk@gmail.com,Leanna,Rempel
Aleen_Cormier70@yahoo.com,Else,Schroeder
Earnestine.Rempel80@gmail.com,Anais,Deckow
Ronaldo.Kuhic96@gmail.com,Jayme,Carter
Amos.Stroman@hotmail.com,Asa,Dickens
Reginald.Donnelly82@yahoo.com,Juliana,Nader
Sarai.Borer31@gmail.com,Hermann,Kihn
Lorenza24@hotmail.com,Malachi,Weissnat
Turner_Farrell29@yahoo.com,Cristopher,Thiel
Leonor.Hackett76@hotmail.com,Camryn,Cummerata
Nathan92@gmail.com,Kenton,Murazik
Dallas65@gmail.com,Verdie,Bergstrom
Myron_Stokes@gmail.com,Amira,Treutel
Lyric_Weimann63@gmail.com,Valentine,Hayes
Wyatt.Streich48@gmail.com,Shany,Schultz
Thelma_Feest@hotmail.com,Gwendolyn,Conroy
Georgianna_Kovacek47@hotmail.com,Carmella,Torp
Christop65@gmail.com,Michale,Schamberger
Korey_Schuppe@gmail.com,Veronica,Lockman
Kristina23@hotmail.com,Sandy,Schimmel
Cassie_Yost@gmail.com,Hortense,Bailey
Bernhard_Weimann94@gmail.com,Marcia,Welch
Breanne_Champlin92@gmail.com,Rosendo,Frami
Lucious_Windler@gmail.com,Tressie,Rolfson
Hailee.Mills@yahoo.com,Sedrick,Erdman
Willow_Kiehn@gmail.com,Cary,Murazik
Elaina.Bogisich@hotmail.com,Fritz,Pfannerstill
Chester.Mertz@gmail.com,Alex,Stehr
Ricardo.Jaskolski34@hotmail.com,Annabel,Hane
Allie99@gmail.com,Evan,Renner
Bria.Glover69@hotmail.com,Edwina,Heaney
Myrtie83@yahoo.com,Chase,Torp
Pat17@hotmail.com,Camille,Cartwright
Eula.Jast@hotmail.com,Carlie,Hartmann
Bartholome22@hotmail.com,Sister,Funk
Laurine84@hotmail.com,Joe,Schroeder
Hailey_Robel41@gmail.com,Camilla,Runte
Eldon52@yahoo.com,Hattie,O'Connell
Dana_Balistreri@hotmail.com,Mozell,Lebsack
Dusty4@hotmail.com,Giuseppe,Bailey
Niko_Jacobi83@yahoo.com,Marilie,Bergstrom
Arjun62@gmail.com,Brandon,Parker
Ahmed_Tillman@gmail.com,Kristopher,Wilderman
Greyson.Lebsack@gmail.com,Jayson,Grimes
Kim.Kemmer67@yahoo.com,Emelia,Ziemann
Jerod_Greenfelder24@gmail.com,Camden,Jast
Clair.Lubowitz14@hotmail.com,Eldon,Farrell
Carmela48@hotmail.com,Damaris,Feil
Porter_Gaylord67@hotmail.com,Andreanne,Zboncak
Murphy.Mraz56@hotmail.com,Delmer,Vandervort
Meagan27@gmail.com,Judd,Reichert
Carmel.Corkery@yahoo.com,Jessica,Schaefer
Aileen54@yahoo.com,Gordon,Hills
Celestine22@yahoo.com,Bella,Reilly
Wilhelm_Lockman@yahoo.com,Janet,Carter
Dahlia_Von@yahoo.com,Brendan,Hayes
Vivian.Pagac@hotmail.com,Pat,Conn
Ian_Green69@gmail.com,Corine,Quitzon
Clarissa.Moore92@hotmail.com,Kody,Rempel
Arlie69@yahoo.com,Dandre,Schaden
Tavares85@yahoo.com,Fern,Goodwin
Dina70@yahoo.com,Toni,Grady
Ettie_McLaughlin92@hotmail.com,Hester,Larkin
Cedrick_Abernathy@gmail.com,Adelle,Howell
Rosamond.Murphy@hotmail.com,Shane,Schroeder
Payton_Heidenreich70@hotmail.com,Toney,Balistreri
Cortney.Tremblay23@gmail.com,Alison,Jaskolski
Angelita_Thiel@yahoo.com,Nasir,Wintheiser
Paolo95@hotmail.com,Ebba,Wyman
Earline98@yahoo.com,Lonny,Ondricka
Kianna57@gmail.com,Ruby,Schaefer
Nicola.Moore@hotmail.com,Cleora,Sauer
Sofia_Hoeger@hotmail.com,Elnora,Botsford
Fannie_Leffler@yahoo.com,Jovany,Lesch
Reginald_Lueilwitz42@yahoo.com,Alberto,Hudson
Deshaun.Wisozk47@yahoo.com,Carmela,Gulgowski
Tyler_Weissnat14@hotmail.com,Lera,Bayer
Ara_Willms@hotmail.com,Boyd,Kuhic
Clark_Bauch55@hotmail.com,Hattie,Pfannerstill
Francesco_Auer34@gmail.com,Weston,Pfannerstill
Johathan_Jerde78@yahoo.com,Abbie,Wolff
Noemie64@gmail.com,Eli,Mertz
Edwin0@gmail.com,Newton,Kuhlman
Adriel.Stracke60@yahoo.com,Sylvan,Jacobson
Evelyn.Jast@yahoo.com,Matt,Kassulke
Emilio_Kerluke96@gmail.com,Antone,Zieme
Gerry82@yahoo.com,Amiya,Wehner
Gina.Glover83@gmail.com,Helen,Bednar
Keagan_Sanford@gmail.com,Fannie,Lakin
Brook_Cormier55@hotmail.com,Lue,Krajcik
Lucio62@yahoo.com,Anibal,Glover
Wendell24@gmail.com,Walter,Tillman
Pansy.Price32@hotmail.com,Fay,Bogisich
Audie_Schoen@gmail.com,Coy,Hahn
Jedidiah.Reynolds@yahoo.com,Lamont,Cremin
Tanya77@yahoo.com,Fay,Murazik
Cameron.West@yahoo.com,Lee,Berge
Vance62@hotmail.com,Amiya,Cartwright
Margarete.Hagenes@yahoo.com,Lilly,Mosciski
Dock_Von@yahoo.com,Herta,Schamberger
Sylvia85@hotmail.com,Morton,Price
Christiana57@hotmail.com,Melisa,Willms
Jalon_Walker70@gmail.com,Colt,Rau
Xander.Altenwerth7@hotmail.com,Amelia,Waelchi
Filomena.Kirlin@hotmail.com,Brock,Hudson
Alvina94@yahoo.com,Janick,Torphy
Dessie.Auer@gmail.com,Jeffrey,Doyle
Asa56@hotmail.com,Maymie,Jaskolski
Angela.Davis@hotmail.com,Jacinto,King
Jena88@yahoo.com,Kaylee,Kiehn
Velma_Jerde@yahoo.com,Ernie,Morissette
Boris.Marks4@yahoo.com,Jessie,Schmitt
Deja.Schowalter@yahoo.com,Caterina,Thompson
Dejuan_Deckow94@yahoo.com,Bernardo,Doyle
Beryl_Schultz@gmail.com,Carlie,Schmitt
Jordan99@yahoo.com,Rhett,Emmerich
Elsie20@hotmail.com,Alayna,Blick
Rebecca62@hotmail.com,Marc,Bosco
Kayla_Wyman@hotmail.com,Noe,Toy
Audie.Kunde@hotmail.com,Clementine,Schiller
Jace3@gmail.com,Leonard,O'Hara
Alfredo.Quigley33@hotmail.com,Rocky,Littel
Torey41@yahoo.com,Erica,Okuneva
Ellen11@gmail.com,Kiel,Fay
Genevieve13@gmail.com,Liliana,Lynch
Florida_Schamberger11@yahoo.com,Aniya,King
Vicente86@gmail.com,Noe,D'Amore
Oliver.Wehner80@yahoo.com,Willis,Bauch
Karina53@hotmail.com,Jaida,Collins
Lonie.Rolfson8@gmail.com,Magdalena,Huels
Donny.Luettgen@hotmail.com,Destiney,Lemke
Vesta_Price@hotmail.com,Alf,Johnson
Adela_Schowalter17@hotmail.com,Alanis,Effertz
Andreanne14@yahoo.com,Celine,Wolf
Amanda.Kassulke@yahoo.com,Janice,Bruen
Ila.Mitchell93@gmail.com,Clyde,Abernathy
Howell.Murray33@yahoo.com,Pearlie,Kertzmann
Emma_Cassin@yahoo.com,Samir,Schulist
Jerad_Osinski60@gmail.com,Roger,Rosenbaum
Donavon.Kautzer@hotmail.com,Monique,O'Keefe
Earline.Kiehn55@gmail.com,Tyrique,Kiehn
Rita79@yahoo.com,Edmund,Wuckert
Bernita28@yahoo.com,Ezekiel,Flatley
Pearlie20@gmail.com,Angie,Morissette
Brown84@gmail.com,Edmund,Rau
Ida5@hotmail.com,Jaylon,Abshire
Jaycee.Littel82@yahoo.com,Price,Smith
Tracy_Hessel95@yahoo.com,Wilfrid,Hauck
Blaise26@yahoo.com,Edmund,Jakubowski
Euna_Von67@hotmail.com,Allen,Haag
Abbie80@yahoo.com,Ron,Fay
Claire_Hilll@hotmail.com,Novella,Walker
Santos.Beahan64@yahoo.com,Audrey,Ortiz
Eileen.Daniel@hotmail.com,Davion,O'Kon
Walter_Lind@yahoo.com,Michale,Boyle
Isadore12@gmail.com,Ludie,Yundt
Vallie_Stoltenberg94@hotmail.com,Rico,Shields
Molly_Schmeler@gmail.com,Corrine,Witting
Mackenzie.Von@gmail.com,Monty,Hagenes
Derek_Cronin48@yahoo.com,Thomas,Torphy
Isabella56@hotmail.com,Zion,Crooks
Rosalia_Waelchi@gmail.com,Vicente,Ratke
Nils33@gmail.com,Cassie,Kling
Idell64@yahoo.com,Alford,Koch
Bryce.Kunze58@yahoo.com,Kylee,Bartell
Callie28@hotmail.com,Laurine,Larkin
Curt_Beer@yahoo.com,Tess,Mohr
Hayley.Davis44@yahoo.com,Rusty,Rodriguez
Devonte_Gerlach75@hotmail.com,Vivianne,Corwin
Desiree_Schoen@gmail.com,Dario,Borer
Madison_Huel12@yahoo.com,Hollie,Kutch
Luther.Hackett@hotmail.com,Adonis,Flatley
